page_id,id,group,state,render,device_pass
AC-005,AC-005-account-snapshot-error-normal-ordinary,state,"{""manifestId"": ""AC-005"", ""readTarget"": ""account.snapshot"", ""state"": ""error"", ""variant"": ""normal"", ""role"": ""ordinary"", ""readCalls"": [""account.snapshot""], ""evidenceType"": ""SYNTHETIC_PRODUCTION_WIDGET"", ""deviceValidated"": false}",renders/finish123-complete-states/390x844-text1.0/AC-005-account-snapshot-error-normal-ordinary.png,False
AC-005,AC-005-account-snapshot-loading-normal-ordinary,state,"{""manifestId"": ""AC-005"", ""readTarget"": ""account.snapshot"", ""state"": ""loading"", ""variant"": ""normal"", ""role"": ""ordinary"", ""readCalls"": [""account.snapshot""], ""evidenceType"": ""SYNTHETIC_PRODUCTION_WIDGET"", ""deviceValidated"": false}",renders/finish123-complete-states/390x844-text1.0/AC-005-account-snapshot-loading-normal-ordinary.png,False
AC-005,AC-005-account-snapshot-normal-permission-denied-ordinary,state,"{""manifestId"": ""AC-005"", ""readTarget"": ""account.snapshot"", ""state"": ""normal"", ""variant"": ""permission-denied"", ""role"": ""ordinary"", ""readCalls"": [""account.snapshot""], ""evidenceType"": ""SYNTHETIC_PRODUCTION_WIDGET"", ""deviceValidated"": false}",renders/finish123-complete-states/390x844-text1.0/AC-005-account-snapshot-normal-permission-denied-ordinary.png,False
AC-005,AC-005-account-snapshot-normal-permission-granted-ordinary,state,"{""manifestId"": ""AC-005"", ""readTarget"": ""account.snapshot"", ""state"": ""normal"", ""variant"": ""permission-granted"", ""role"": ""ordinary"", ""readCalls"": [""account.snapshot""], ""evidenceType"": ""SYNTHETIC_PRODUCTION_WIDGET"", ""deviceValidated"": false}",renders/finish123-complete-states/390x844-text1.0/AC-005-account-snapshot-normal-permission-granted-ordinary.png,False
AC-005,AC-005-account-snapshot-normal-permission-notDetermined-ordinary,state,"{""manifestId"": ""AC-005"", ""readTarget"": ""account.snapshot"", ""state"": ""normal"", ""variant"": ""permission-notDetermined"", ""role"": ""ordinary"", ""readCalls"": [""account.snapshot""], ""evidenceType"": ""SYNTHETIC_PRODUCTION_WIDGET"", ""deviceValidated"": false}",renders/finish123-complete-states/390x844-text1.0/AC-005-account-snapshot-normal-permission-notDetermined-ordinary.png,False
AC-005,AC-005-account-snapshot-normal-permission-permanentlyDenied-ordinary,state,"{""manifestId"": ""AC-005"", ""readTarget"": ""account.snapshot"", ""state"": ""normal"", ""variant"": ""permission-permanentlyDenied"", ""role"": ""ordinary"", ""readCalls"": [""account.snapshot""], ""evidenceType"": ""SYNTHETIC_PRODUCTION_WIDGET"", ""deviceValidated"": false}",renders/finish123-complete-states/390x844-text1.0/AC-005-account-snapshot-normal-permission-permanentlyDenied-ordinary.png,False
AC-005,AC-005-account-snapshot-normal-permission-restricted-ordinary,state,"{""manifestId"": ""AC-005"", ""readTarget"": ""account.snapshot"", ""state"": ""normal"", ""variant"": ""permission-restricted"", ""role"": ""ordinary"", ""readCalls"": [""account.snapshot""], ""evidenceType"": ""SYNTHETIC_PRODUCTION_WIDGET"", ""deviceValidated"": false}",renders/finish123-complete-states/390x844-text1.0/AC-005-account-snapshot-normal-permission-restricted-ordinary.png,False
AC-005,AC-005-account-snapshot-normal-permission-unavailable-ordinary,state,"{""manifestId"": ""AC-005"", ""readTarget"": ""account.snapshot"", ""state"": ""normal"", ""variant"": ""permission-unavailable"", ""role"": ""ordinary"", ""readCalls"": [""account.snapshot""], ""evidenceType"": ""SYNTHETIC_PRODUCTION_WIDGET"", ""deviceValidated"": false}",renders/finish123-complete-states/390x844-text1.0/AC-005-account-snapshot-normal-permission-unavailable-ordinary.png,False
AC-006,AC-006-account-snapshot-error-normal-ordinary,state,"{""manifestId"": ""AC-006"", ""readTarget"": ""account.snapshot"", ""state"": ""error"", ""variant"": ""normal"", ""role"": ""ordinary"", ""readCalls"": [""account.snapshot""], ""evidenceType"": ""SYNTHETIC_PRODUCTION_WIDGET"", ""deviceValidated"": false}",renders/finish123-complete-states/390x844-text1.0/AC-006-account-snapshot-error-normal-ordinary.png,False
AC-006,AC-006-account-snapshot-loading-normal-ordinary,state,"{""manifestId"": ""AC-006"", ""readTarget"": ""account.snapshot"", ""state"": ""loading"", ""variant"": ""normal"", ""role"": ""ordinary"", ""readCalls"": [""account.snapshot""], ""evidenceType"": ""SYNTHETIC_PRODUCTION_WIDGET"", ""deviceValidated"": false}",renders/finish123-complete-states/390x844-text1.0/AC-006-account-snapshot-loading-normal-ordinary.png,False
AC-006,AC-006-account-snapshot-normal-verification-pending-ordinary,state,"{""manifestId"": ""AC-006"", ""readTarget"": ""account.snapshot"", ""state"": ""normal"", ""variant"": ""verification-pending"", ""role"": ""ordinary"", ""readCalls"": [""account.snapshot""], ""evidenceType"": ""SYNTHETIC_PRODUCTION_WIDGET"", ""deviceValidated"": false}",renders/finish123-complete-states/390x844-text1.0/AC-006-account-snapshot-normal-verification-pending-ordinary.png,False
AC-006,AC-006-account-snapshot-normal-verification-rejected-ordinary,state,"{""manifestId"": ""AC-006"", ""readTarget"": ""account.snapshot"", ""state"": ""normal"", ""variant"": ""verification-rejected"", ""role"": ""ordinary"", ""readCalls"": [""account.snapshot""], ""evidenceType"": ""SYNTHETIC_PRODUCTION_WIDGET"", ""deviceValidated"": false}",renders/finish123-complete-states/390x844-text1.0/AC-006-account-snapshot-normal-verification-rejected-ordinary.png,False
AC-006,AC-006-account-snapshot-normal-verification-unavailable-ordinary,state,"{""manifestId"": ""AC-006"", ""readTarget"": ""account.snapshot"", ""state"": ""normal"", ""variant"": ""verification-unavailable"", ""role"": ""ordinary"", ""readCalls"": [""account.snapshot""], ""evidenceType"": ""SYNTHETIC_PRODUCTION_WIDGET"", ""deviceValidated"": false}",renders/finish123-complete-states/390x844-text1.0/AC-006-account-snapshot-normal-verification-unavailable-ordinary.png,False
AC-006,AC-006-account-snapshot-normal-verification-unverified-ordinary,state,"{""manifestId"": ""AC-006"", ""readTarget"": ""account.snapshot"", ""state"": ""normal"", ""variant"": ""verification-unverified"", ""role"": ""ordinary"", ""readCalls"": [""account.snapshot""], ""evidenceType"": ""SYNTHETIC_PRODUCTION_WIDGET"", ""deviceValidated"": false}",renders/finish123-complete-states/390x844-text1.0/AC-006-account-snapshot-normal-verification-unverified-ordinary.png,False
AC-006,AC-006-account-snapshot-normal-verification-verified-ordinary,state,"{""manifestId"": ""AC-006"", ""readTarget"": ""account.snapshot"", ""state"": ""normal"", ""variant"": ""verification-verified"", ""role"": ""ordinary"", ""readCalls"": [""account.snapshot""], ""evidenceType"": ""SYNTHETIC_PRODUCTION_WIDGET"", ""deviceValidated"": false}",renders/finish123-complete-states/390x844-text1.0/AC-006-account-snapshot-normal-verification-verified-ordinary.png,False
AC-007,AC-007-account-snapshot-empty-normal-ordinary,state,"{""manifestId"": ""AC-007"", ""readTarget"": ""account.snapshot"", ""state"": ""empty"", ""variant"": ""normal"", ""role"": ""ordinary"", ""readCalls"": [""account.snapshot""], ""evidenceType"": ""SYNTHETIC_PRODUCTION_WIDGET"", ""deviceValidated"": false}",renders/finish123-complete-states/390x844-text1.0/AC-007-account-snapshot-empty-normal-ordinary.png,False
AC-007,AC-007-account-snapshot-error-normal-ordinary,state,"{""manifestId"": ""AC-007"", ""readTarget"": ""account.snapshot"", ""state"": ""error"", ""variant"": ""normal"", ""role"": ""ordinary"", ""readCalls"": [""account.snapshot""], ""evidenceType"": ""SYNTHETIC_PRODUCTION_WIDGET"", ""deviceValidated"": false}",renders/finish123-complete-states/390x844-text1.0/AC-007-account-snapshot-error-normal-ordinary.png,False
AC-007,AC-007-account-snapshot-loading-normal-ordinary,state,"{""manifestId"": ""AC-007"", ""readTarget"": ""account.snapshot"", ""state"": ""loading"", ""variant"": ""normal"", ""role"": ""ordinary"", ""readCalls"": [""account.snapshot""], ""evidenceType"": ""SYNTHETIC_PRODUCTION_WIDGET"", ""deviceValidated"": false}",renders/finish123-complete-states/390x844-text1.0/AC-007-account-snapshot-loading-normal-ordinary.png,False
AC-008,AC-008-account-snapshot-error-normal-ordinary,state,"{""manifestId"": ""AC-008"", ""readTarget"": ""account.snapshot"", ""state"": ""error"", ""variant"": ""normal"", ""role"": ""ordinary"", ""readCalls"": [""account.snapshot""], ""evidenceType"": ""SYNTHETIC_PRODUCTION_WIDGET"", ""deviceValidated"": false}",renders/finish123-complete-states/390x844-text1.0/AC-008-account-snapshot-error-normal-ordinary.png,False
AC-008,AC-008-account-snapshot-loading-normal-ordinary,state,"{""manifestId"": ""AC-008"", ""readTarget"": ""account.snapshot"", ""state"": ""loading"", ""variant"": ""normal"", ""role"": ""ordinary"", ""readCalls"": [""account.snapshot""], ""evidenceType"": ""SYNTHETIC_PRODUCTION_WIDGET"", ""deviceValidated"": false}",renders/finish123-complete-states/390x844-text1.0/AC-008-account-snapshot-loading-normal-ordinary.png,False
AC-008,AC-008-account-snapshot-normal-restricted-ordinary,state,"{""manifestId"": ""AC-008"", ""readTarget"": ""account.snapshot"", ""state"": ""normal"", ""variant"": ""restricted"", ""role"": ""ordinary"", ""readCalls"": [""account.snapshot""], ""evidenceType"": ""SYNTHETIC_PRODUCTION_WIDGET"", ""deviceValidated"": false}",renders/finish123-complete-states/390x844-text1.0/AC-008-account-snapshot-normal-restricted-ordinary.png,False
AC-009,AC-009-account-appeal-empty-normal-ordinary,state,"{""manifestId"": ""AC-009"", ""readTarget"": ""account.appeal"", ""state"": ""empty"", ""variant"": ""normal"", ""role"": ""ordinary"", ""readCalls"": [""account.appeal""], ""evidenceType"": ""SYNTHETIC_PRODUCTION_WIDGET"", ""deviceValidated"": false}",renders/finish123-complete-states/390x844-text1.0/AC-009-account-appeal-empty-normal-ordinary.png,False
AC-009,AC-009-account-appeal-error-normal-ordinary,state,"{""manifestId"": ""AC-009"", ""readTarget"": ""account.appeal"", ""state"": ""error"", ""variant"": ""normal"", ""role"": ""ordinary"", ""readCalls"": [""account.appeal""], ""evidenceType"": ""SYNTHETIC_PRODUCTION_WIDGET"", ""deviceValidated"": false}",renders/finish123-complete-states/390x844-text1.0/AC-009-account-appeal-error-normal-ordinary.png,False
AC-009,AC-009-account-appeal-loading-normal-ordinary,state,"{""manifestId"": ""AC-009"", ""readTarget"": ""account.appeal"", ""state"": ""loading"", ""variant"": ""normal"", ""role"": ""ordinary"", ""readCalls"": [""account.appeal""], ""evidenceType"": ""SYNTHETIC_PRODUCTION_WIDGET"", ""deviceValidated"": false}",renders/finish123-complete-states/390x844-text1.0/AC-009-account-appeal-loading-normal-ordinary.png,False
AC-009,AC-009-account-appeal-normal-appeal-approved-ordinary,state,"{""manifestId"": ""AC-009"", ""readTarget"": ""account.appeal"", ""state"": ""normal"", ""variant"": ""appeal-approved"", ""role"": ""ordinary"", ""readCalls"": [""account.appeal""], ""evidenceType"": ""SYNTHETIC_PRODUCTION_WIDGET"", ""deviceValidated"": false}",renders/finish123-complete-states/390x844-text1.0/AC-009-account-appeal-normal-appeal-approved-ordinary.png,False
AC-009,AC-009-account-appeal-normal-appeal-cancelled-ordinary,state,"{""manifestId"": ""AC-009"", ""readTarget"": ""account.appeal"", ""state"": ""normal"", ""variant"": ""appeal-cancelled"", ""role"": ""ordinary"", ""readCalls"": [""account.appeal""], ""evidenceType"": ""SYNTHETIC_PRODUCTION_WIDGET"", ""deviceValidated"": false}",renders/finish123-complete-states/390x844-text1.0/AC-009-account-appeal-normal-appeal-cancelled-ordinary.png,False
AC-009,AC-009-account-appeal-normal-appeal-none-ordinary,state,"{""manifestId"": ""AC-009"", ""readTarget"": ""account.appeal"", ""state"": ""normal"", ""variant"": ""appeal-none"", ""role"": ""ordinary"", ""readCalls"": [""account.appeal""], ""evidenceType"": ""SYNTHETIC_PRODUCTION_WIDGET"", ""deviceValidated"": false}",renders/finish123-complete-states/390x844-text1.0/AC-009-account-appeal-normal-appeal-none-ordinary.png,False
AC-009,AC-009-account-appeal-normal-appeal-pending-ordinary,state,"{""manifestId"": ""AC-009"", ""readTarget"": ""account.appeal"", ""state"": ""normal"", ""variant"": ""appeal-pending"", ""role"": ""ordinary"", ""readCalls"": [""account.appeal""], ""evidenceType"": ""SYNTHETIC_PRODUCTION_WIDGET"", ""deviceValidated"": false}",renders/finish123-complete-states/390x844-text1.0/AC-009-account-appeal-normal-appeal-pending-ordinary.png,False
AC-009,AC-009-account-appeal-normal-appeal-rejected-ordinary,state,"{""manifestId"": ""AC-009"", ""readTarget"": ""account.appeal"", ""state"": ""normal"", ""variant"": ""appeal-rejected"", ""role"": ""ordinary"", ""readCalls"": [""account.appeal""], ""evidenceType"": ""SYNTHETIC_PRODUCTION_WIDGET"", ""deviceValidated"": false}",renders/finish123-complete-states/390x844-text1.0/AC-009-account-appeal-normal-appeal-rejected-ordinary.png,False
AC-010,AC-010-account-cancel-error-normal-ordinary,state,"{""manifestId"": ""AC-010"", ""readTarget"": ""account.cancel"", ""state"": ""error"", ""variant"": ""normal"", ""role"": ""ordinary"", ""readCalls"": [""account.cancel""], ""evidenceType"": ""SYNTHETIC_PRODUCTION_WIDGET"", ""deviceValidated"": false}",renders/finish123-complete-states/390x844-text1.0/AC-010-account-cancel-error-normal-ordinary.png,False
AC-010,AC-010-account-cancel-loading-normal-ordinary,state,"{""manifestId"": ""AC-010"", ""readTarget"": ""account.cancel"", ""state"": ""loading"", ""variant"": ""normal"", ""role"": ""ordinary"", ""readCalls"": [""account.cancel""], ""evidenceType"": ""SYNTHETIC_PRODUCTION_WIDGET"", ""deviceValidated"": false}",renders/finish123-complete-states/390x844-text1.0/AC-010-account-cancel-loading-normal-ordinary.png,False
AC-010,AC-010-account-cancel-normal-cancel-blocked-ordinary,state,"{""manifestId"": ""AC-010"", ""readTarget"": ""account.cancel"", ""state"": ""normal"", ""variant"": ""cancel-blocked"", ""role"": ""ordinary"", ""readCalls"": [""account.cancel""], ""evidenceType"": ""SYNTHETIC_PRODUCTION_WIDGET"", ""deviceValidated"": false}",renders/finish123-complete-states/390x844-text1.0/AC-010-account-cancel-normal-cancel-blocked-ordinary.png,False
AC-010,AC-010-account-cancel-normal-cancel-cooling-closed-ordinary,state,"{""manifestId"": ""AC-010"", ""readTarget"": ""account.cancel"", ""state"": ""normal"", ""variant"": ""cancel-cooling-closed"", ""role"": ""ordinary"", ""readCalls"": [""account.cancel""], ""evidenceType"": ""SYNTHETIC_PRODUCTION_WIDGET"", ""deviceValidated"": false}",renders/finish123-complete-states/390x844-text1.0/AC-010-account-cancel-normal-cancel-cooling-closed-ordinary.png,False
AC-010,AC-010-account-cancel-normal-cancel-cooling-open-ordinary,state,"{""manifestId"": ""AC-010"", ""readTarget"": ""account.cancel"", ""state"": ""normal"", ""variant"": ""cancel-cooling-open"", ""role"": ""ordinary"", ""readCalls"": [""account.cancel""], ""evidenceType"": ""SYNTHETIC_PRODUCTION_WIDGET"", ""deviceValidated"": false}",renders/finish123-complete-states/390x844-text1.0/AC-010-account-cancel-normal-cancel-cooling-open-ordinary.png,False
AC-011,AC-011-account-version-error-normal-ordinary,state,"{""manifestId"": ""AC-011"", ""readTarget"": ""account.version"", ""state"": ""error"", ""variant"": ""normal"", ""role"": ""ordinary"", ""readCalls"": [""account.version""], ""evidenceType"": ""SYNTHETIC_PRODUCTION_WIDGET"", ""deviceValidated"": false}",renders/finish123-complete-states/390x844-text1.0/AC-011-account-version-error-normal-ordinary.png,False
AC-011,AC-011-account-version-loading-normal-ordinary,state,"{""manifestId"": ""AC-011"", ""readTarget"": ""account.version"", ""state"": ""loading"", ""variant"": ""normal"", ""role"": ""ordinary"", ""readCalls"": [""account.version""], ""evidenceType"": ""SYNTHETIC_PRODUCTION_WIDGET"", ""deviceValidated"": false}",renders/finish123-complete-states/390x844-text1.0/AC-011-account-version-loading-normal-ordinary.png,False
AC-011,AC-011-account-version-normal-version-current-ordinary,state,"{""manifestId"": ""AC-011"", ""readTarget"": ""account.version"", ""state"": ""normal"", ""variant"": ""version-current"", ""role"": ""ordinary"", ""readCalls"": [""account.version""], ""evidenceType"": ""SYNTHETIC_PRODUCTION_WIDGET"", ""deviceValidated"": false}",renders/finish123-complete-states/390x844-text1.0/AC-011-account-version-normal-version-current-ordinary.png,False
AC-011,AC-011-account-version-normal-version-mandatory-ordinary,state,"{""manifestId"": ""AC-011"", ""readTarget"": ""account.version"", ""state"": ""normal"", ""variant"": ""version-mandatory"", ""role"": ""ordinary"", ""readCalls"": [""account.version""], ""evidenceType"": ""SYNTHETIC_PRODUCTION_WIDGET"", ""deviceValidated"": false}",renders/finish123-complete-states/390x844-text1.0/AC-011-account-version-normal-version-mandatory-ordinary.png,False
AC-011,AC-011-account-version-normal-version-optional-ordinary,state,"{""manifestId"": ""AC-011"", ""readTarget"": ""account.version"", ""state"": ""normal"", ""variant"": ""version-optional"", ""role"": ""ordinary"", ""readCalls"": [""account.version""], ""evidenceType"": ""SYNTHETIC_PRODUCTION_WIDGET"", ""deviceValidated"": false}",renders/finish123-complete-states/390x844-text1.0/AC-011-account-version-normal-version-optional-ordinary.png,False
AC-012,AC-012-account-snapshot-error-normal-ordinary,state,"{""manifestId"": ""AC-012"", ""readTarget"": ""account.snapshot"", ""state"": ""error"", ""variant"": ""normal"", ""role"": ""ordinary"", ""readCalls"": [""account.snapshot""], ""evidenceType"": ""SYNTHETIC_PRODUCTION_WIDGET"", ""deviceValidated"": false}",renders/finish123-complete-states/390x844-text1.0/AC-012-account-snapshot-error-normal-ordinary.png,False
AC-012,AC-012-account-snapshot-loading-normal-ordinary,state,"{""manifestId"": ""AC-012"", ""readTarget"": ""account.snapshot"", ""state"": ""loading"", ""variant"": ""normal"", ""role"": ""ordinary"", ""readCalls"": [""account.snapshot""], ""evidenceType"": ""SYNTHETIC_PRODUCTION_WIDGET"", ""deviceValidated"": false}",renders/finish123-complete-states/390x844-text1.0/AC-012-account-snapshot-loading-normal-ordinary.png,False
AC-012,AC-012-account-snapshot-normal-youth-locked-ordinary,state,"{""manifestId"": ""AC-012"", ""readTarget"": ""account.snapshot"", ""state"": ""normal"", ""variant"": ""youth-locked"", ""role"": ""ordinary"", ""readCalls"": [""account.snapshot""], ""evidenceType"": ""SYNTHETIC_PRODUCTION_WIDGET"", ""deviceValidated"": false}",renders/finish123-complete-states/390x844-text1.0/AC-012-account-snapshot-normal-youth-locked-ordinary.png,False
CM-001,CM-001-commerce-ledger-empty-normal-ordinary,state,"{""manifestId"": ""CM-001"", ""readTarget"": ""commerce.ledger"", ""state"": ""empty"", ""variant"": ""normal"", ""role"": ""ordinary"", ""readCalls"": [""commerce.wallet"", ""commerce.ledger""], ""evidenceType"": ""SYNTHETIC_PRODUCTION_WIDGET"", ""deviceValidated"": false}",renders/finish123-complete-states/390x844-text1.0/CM-001-commerce-ledger-empty-normal-ordinary.png,False
CM-001,CM-001-commerce-ledger-error-normal-ordinary,state,"{""manifestId"": ""CM-001"", ""readTarget"": ""commerce.ledger"", ""state"": ""error"", ""variant"": ""normal"", ""role"": ""ordinary"", ""readCalls"": [""commerce.wallet"", ""commerce.ledger""], ""evidenceType"": ""SYNTHETIC_PRODUCTION_WIDGET"", ""deviceValidated"": false}",renders/finish123-complete-states/390x844-text1.0/CM-001-commerce-ledger-error-normal-ordinary.png,False
CM-001,CM-001-commerce-ledger-loading-normal-ordinary,state,"{""manifestId"": ""CM-001"", ""readTarget"": ""commerce.ledger"", ""state"": ""loading"", ""variant"": ""normal"", ""role"": ""ordinary"", ""readCalls"": [""commerce.wallet"", ""commerce.ledger""], ""evidenceType"": ""SYNTHETIC_PRODUCTION_WIDGET"", ""deviceValidated"": false}",renders/finish123-complete-states/390x844-text1.0/CM-001-commerce-ledger-loading-normal-ordinary.png,False
CM-002,CM-002-catalog-products-empty-normal-ordinary,state,"{""manifestId"": ""CM-002"", ""readTarget"": ""catalog.products"", ""state"": ""empty"", ""variant"": ""normal"", ""role"": ""ordinary"", ""readCalls"": [""catalog.products"", ""commerce.wallet"", ""account.snapshot""], ""evidenceType"": ""SYNTHETIC_PRODUCTION_WIDGET"", ""deviceValidated"": false}",renders/finish123-complete-states/390x844-text1.0/CM-002-catalog-products-empty-normal-ordinary.png,False
CM-002,CM-002-catalog-products-error-normal-ordinary,state,"{""manifestId"": ""CM-002"", ""readTarget"": ""catalog.products"", ""state"": ""error"", ""variant"": ""normal"", ""role"": ""ordinary"", ""readCalls"": [""catalog.products"", ""commerce.wallet"", ""account.snapshot""], ""evidenceType"": ""SYNTHETIC_PRODUCTION_WIDGET"", ""deviceValidated"": false}",renders/finish123-complete-states/390x844-text1.0/CM-002-catalog-products-error-normal-ordinary.png,False
CM-002,CM-002-catalog-products-loading-normal-ordinary,state,"{""manifestId"": ""CM-002"", ""readTarget"": ""catalog.products"", ""state"": ""loading"", ""variant"": ""normal"", ""role"": ""ordinary"", ""readCalls"": [""catalog.products"", ""commerce.wallet"", ""account.snapshot""], ""evidenceType"": ""SYNTHETIC_PRODUCTION_WIDGET"", ""deviceValidated"": false}",renders/finish123-complete-states/390x844-text1.0/CM-002-catalog-products-loading-normal-ordinary.png,False
CM-004,CM-004-catalog-result-normal-payment-canceled-ordinary,state,"{""manifestId"": ""CM-004"", ""readTarget"": ""catalog.result"", ""state"": ""normal"", ""variant"": ""payment-canceled"", ""role"": ""ordinary"", ""readCalls"": [], ""evidenceType"": ""SYNTHETIC_PRODUCTION_WIDGET"", ""deviceValidated"": false}",renders/finish123-complete-states/390x844-text1.0/CM-004-catalog-result-normal-payment-canceled-ordinary.png,False
CM-004,CM-004-catalog-result-normal-payment-confirming-ordinary,state,"{""manifestId"": ""CM-004"", ""readTarget"": ""catalog.result"", ""state"": ""normal"", ""variant"": ""payment-confirming"", ""role"": ""ordinary"", ""readCalls"": [""catalog.result""], ""evidenceType"": ""SYNTHETIC_PRODUCTION_WIDGET"", ""deviceValidated"": false}",renders/finish123-complete-states/390x844-text1.0/CM-004-catalog-result-normal-payment-confirming-ordinary.png,False
CM-004,CM-004-catalog-result-normal-payment-created-ordinary,state,"{""manifestId"": ""CM-004"", ""readTarget"": ""catalog.result"", ""state"": ""normal"", ""variant"": ""payment-created"", ""role"": ""ordinary"", ""readCalls"": [""catalog.result""], ""evidenceType"": ""SYNTHETIC_PRODUCTION_WIDGET"", ""deviceValidated"": false}",renders/finish123-complete-states/390x844-text1.0/CM-004-catalog-result-normal-payment-created-ordinary.png,False
CM-004,CM-004-catalog-result-normal-payment-failed-ordinary,state,"{""manifestId"": ""CM-004"", ""readTarget"": ""catalog.result"", ""state"": ""normal"", ""variant"": ""payment-failed"", ""role"": ""ordinary"", ""readCalls"": [], ""evidenceType"": ""SYNTHETIC_PRODUCTION_WIDGET"", ""deviceValidated"": false}",renders/finish123-complete-states/390x844-text1.0/CM-004-catalog-result-normal-payment-failed-ordinary.png,False
CM-004,CM-004-catalog-result-normal-payment-invoking-ordinary,state,"{""manifestId"": ""CM-004"", ""readTarget"": ""catalog.result"", ""state"": ""normal"", ""variant"": ""payment-invoking"", ""role"": ""ordinary"", ""readCalls"": [""catalog.result""], ""evidenceType"": ""SYNTHETIC_PRODUCTION_WIDGET"", ""deviceValidated"": false}",renders/finish123-complete-states/390x844-text1.0/CM-004-catalog-result-normal-payment-invoking-ordinary.png,False
CM-004,CM-004-catalog-result-normal-payment-succeeded-ordinary,state,"{""manifestId"": ""CM-004"", ""readTarget"": ""catalog.result"", ""state"": ""normal"", ""variant"": ""payment-succeeded"", ""role"": ""ordinary"", ""readCalls"": [""catalog.result""], ""evidenceType"": ""SYNTHETIC_PRODUCTION_WIDGET"", ""deviceValidated"": false}",renders/finish123-complete-states/390x844-text1.0/CM-004-catalog-result-normal-payment-succeeded-ordinary.png,False
CM-004,CM-004-catalog-result-normal-payment-unavailable-ordinary,state,"{""manifestId"": ""CM-004"", ""readTarget"": ""catalog.result"", ""state"": ""normal"", ""variant"": ""payment-unavailable"", ""role"": ""ordinary"", ""readCalls"": [""catalog.result""], ""evidenceType"": ""SYNTHETIC_PRODUCTION_WIDGET"", ""deviceValidated"": false}",renders/finish123-complete-states/390x844-text1.0/CM-004-catalog-result-normal-payment-unavailable-ordinary.png,False
CM-005,CM-005-commerce-orders-empty-normal-ordinary,state,"{""manifestId"": ""CM-005"", ""readTarget"": ""commerce.orders"", ""state"": ""empty"", ""variant"": ""normal"", ""role"": ""ordinary"", ""readCalls"": [""commerce.orders""], ""evidenceType"": ""SYNTHETIC_PRODUCTION_WIDGET"", ""deviceValidated"": false}",renders/finish123-complete-states/390x844-text1.0/CM-005-commerce-orders-empty-normal-ordinary.png,False
CM-005,CM-005-commerce-orders-error-normal-ordinary,state,"{""manifestId"": ""CM-005"", ""readTarget"": ""commerce.orders"", ""state"": ""error"", ""variant"": ""normal"", ""role"": ""ordinary"", ""readCalls"": [""commerce.orders""], ""evidenceType"": ""SYNTHETIC_PRODUCTION_WIDGET"", ""deviceValidated"": false}",renders/finish123-complete-states/390x844-text1.0/CM-005-commerce-orders-error-normal-ordinary.png,False
CM-005,CM-005-commerce-orders-loading-normal-ordinary,state,"{""manifestId"": ""CM-005"", ""readTarget"": ""commerce.orders"", ""state"": ""loading"", ""variant"": ""normal"", ""role"": ""ordinary"", ""readCalls"": [""commerce.orders""], ""evidenceType"": ""SYNTHETIC_PRODUCTION_WIDGET"", ""deviceValidated"": false}",renders/finish123-complete-states/390x844-text1.0/CM-005-commerce-orders-loading-normal-ordinary.png,False
CM-009,CM-009-catalog-gifts-empty-normal-ordinary,state,"{""manifestId"": ""CM-009"", ""readTarget"": ""catalog.gifts"", ""state"": ""empty"", ""variant"": ""normal"", ""role"": ""ordinary"", ""readCalls"": [""catalog.gifts"", ""commerce.wallet""], ""evidenceType"": ""SYNTHETIC_PRODUCTION_WIDGET"", ""deviceValidated"": false}",renders/finish123-complete-states/390x844-text1.0/CM-009-catalog-gifts-empty-normal-ordinary.png,False
CM-009,CM-009-catalog-gifts-error-normal-ordinary,state,"{""manifestId"": ""CM-009"", ""readTarget"": ""catalog.gifts"", ""state"": ""error"", ""variant"": ""normal"", ""role"": ""ordinary"", ""readCalls"": [""catalog.gifts"", ""commerce.wallet""], ""evidenceType"": ""SYNTHETIC_PRODUCTION_WIDGET"", ""deviceValidated"": false}",renders/finish123-complete-states/390x844-text1.0/CM-009-catalog-gifts-error-normal-ordinary.png,False
CM-009,CM-009-catalog-gifts-loading-normal-ordinary,state,"{""manifestId"": ""CM-009"", ""readTarget"": ""catalog.gifts"", ""state"": ""loading"", ""variant"": ""normal"", ""role"": ""ordinary"", ""readCalls"": [""catalog.gifts"", ""commerce.wallet""], ""evidenceType"": ""SYNTHETIC_PRODUCTION_WIDGET"", ""deviceValidated"": false}",renders/finish123-complete-states/390x844-text1.0/CM-009-catalog-gifts-loading-normal-ordinary.png,False
CM-010,CM-010-catalog-decorations-empty-normal-ordinary,state,"{""manifestId"": ""CM-010"", ""readTarget"": ""catalog.decorations"", ""state"": ""empty"", ""variant"": ""normal"", ""role"": ""ordinary"", ""readCalls"": [""catalog.decorations""], ""evidenceType"": ""SYNTHETIC_PRODUCTION_WIDGET"", ""deviceValidated"": false}",renders/finish123-complete-states/390x844-text1.0/CM-010-catalog-decorations-empty-normal-ordinary.png,False
CM-010,CM-010-catalog-decorations-error-normal-ordinary,state,"{""manifestId"": ""CM-010"", ""readTarget"": ""catalog.decorations"", ""state"": ""error"", ""variant"": ""normal"", ""role"": ""ordinary"", ""readCalls"": [""catalog.decorations""], ""evidenceType"": ""SYNTHETIC_PRODUCTION_WIDGET"", ""deviceValidated"": false}",renders/finish123-complete-states/390x844-text1.0/CM-010-catalog-decorations-error-normal-ordinary.png,False
CM-010,CM-010-catalog-decorations-loading-normal-ordinary,state,"{""manifestId"": ""CM-010"", ""readTarget"": ""catalog.decorations"", ""state"": ""loading"", ""variant"": ""normal"", ""role"": ""ordinary"", ""readCalls"": [""catalog.decorations""], ""evidenceType"": ""SYNTHETIC_PRODUCTION_WIDGET"", ""deviceValidated"": false}",renders/finish123-complete-states/390x844-text1.0/CM-010-catalog-decorations-loading-normal-ordinary.png,False
CM-010,CM-010-catalog-decorations-normal-decoration-expired-ordinary,state,"{""manifestId"": ""CM-010"", ""readTarget"": ""catalog.decorations"", ""state"": ""normal"", ""variant"": ""decoration-expired"", ""role"": ""ordinary"", ""readCalls"": [""catalog.decorations""], ""evidenceType"": ""SYNTHETIC_PRODUCTION_WIDGET"", ""deviceValidated"": false}",renders/finish123-complete-states/390x844-text1.0/CM-010-catalog-decorations-normal-decoration-expired-ordinary.png,False
CM-010,CM-010-catalog-decorations-normal-decoration-retired-ordinary,state,"{""manifestId"": ""CM-010"", ""readTarget"": ""catalog.decorations"", ""state"": ""normal"", ""variant"": ""decoration-retired"", ""role"": ""ordinary"", ""readCalls"": [""catalog.decorations""], ""evidenceType"": ""SYNTHETIC_PRODUCTION_WIDGET"", ""deviceValidated"": false}",renders/finish123-complete-states/390x844-text1.0/CM-010-catalog-decorations-normal-decoration-retired-ordinary.png,False
DS-001,DS-001-discovery-home-empty-normal-ordinary,state,"{""manifestId"": ""DS-001"", ""readTarget"": ""discovery.home"", ""state"": ""empty"", ""variant"": ""normal"", ""role"": ""ordinary"", ""readCalls"": [""message.conversations"", ""social.profile"", ""discovery.home""], ""evidenceType"": ""SYNTHETIC_PRODUCTION_WIDGET"", ""deviceValidated"": false}",renders/finish123-complete-states/390x844-text1.0/DS-001-discovery-home-empty-normal-ordinary.png,False
DS-001,DS-001-discovery-home-error-normal-ordinary,state,"{""manifestId"": ""DS-001"", ""readTarget"": ""discovery.home"", ""state"": ""error"", ""variant"": ""normal"", ""role"": ""ordinary"", ""readCalls"": [""message.conversations"", ""social.profile"", ""discovery.home""], ""evidenceType"": ""SYNTHETIC_PRODUCTION_WIDGET"", ""deviceValidated"": false}",renders/finish123-complete-states/390x844-text1.0/DS-001-discovery-home-error-normal-ordinary.png,False
DS-001,DS-001-discovery-home-loading-normal-ordinary,state,"{""manifestId"": ""DS-001"", ""readTarget"": ""discovery.home"", ""state"": ""loading"", ""variant"": ""normal"", ""role"": ""ordinary"", ""readCalls"": [""message.conversations"", ""social.profile"", ""discovery.home""], ""evidenceType"": ""SYNTHETIC_PRODUCTION_WIDGET"", ""deviceValidated"": false}",renders/finish123-complete-states/390x844-text1.0/DS-001-discovery-home-loading-normal-ordinary.png,False
DS-002,DS-002-discovery-suggestions-empty-normal-ordinary,state,"{""manifestId"": ""DS-002"", ""readTarget"": ""discovery.suggestions"", ""state"": ""empty"", ""variant"": ""normal"", ""role"": ""ordinary"", ""readCalls"": [""discovery.suggestions""], ""evidenceType"": ""SYNTHETIC_PRODUCTION_WIDGET"", ""deviceValidated"": false}",renders/finish123-complete-states/390x844-text1.0/DS-002-discovery-suggestions-empty-normal-ordinary.png,False
DS-002,DS-002-discovery-suggestions-error-normal-ordinary,state,"{""manifestId"": ""DS-002"", ""readTarget"": ""discovery.suggestions"", ""state"": ""error"", ""variant"": ""normal"", ""role"": ""ordinary"", ""readCalls"": [""discovery.suggestions""], ""evidenceType"": ""SYNTHETIC_PRODUCTION_WIDGET"", ""deviceValidated"": false}",renders/finish123-complete-states/390x844-text1.0/DS-002-discovery-suggestions-error-normal-ordinary.png,False
DS-002,DS-002-discovery-suggestions-loading-normal-ordinary,state,"{""manifestId"": ""DS-002"", ""readTarget"": ""discovery.suggestions"", ""state"": ""loading"", ""variant"": ""normal"", ""role"": ""ordinary"", ""readCalls"": [""discovery.suggestions""], ""evidenceType"": ""SYNTHETIC_PRODUCTION_WIDGET"", ""deviceValidated"": false}",renders/finish123-complete-states/390x844-text1.0/DS-002-discovery-suggestions-loading-normal-ordinary.png,False
DS-003,DS-003-discovery-search-empty-normal-ordinary,state,"{""manifestId"": ""DS-003"", ""readTarget"": ""discovery.search"", ""state"": ""empty"", ""variant"": ""normal"", ""role"": ""ordinary"", ""readCalls"": [""discovery.search""], ""evidenceType"": ""SYNTHETIC_PRODUCTION_WIDGET"", ""deviceValidated"": false}",renders/finish123-complete-states/390x844-text1.0/DS-003-discovery-search-empty-normal-ordinary.png,False
DS-003,DS-003-discovery-search-error-normal-ordinary,state,"{""manifestId"": ""DS-003"", ""readTarget"": ""discovery.search"", ""state"": ""error"", ""variant"": ""normal"", ""role"": ""ordinary"", ""readCalls"": [""discovery.search""], ""evidenceType"": ""SYNTHETIC_PRODUCTION_WIDGET"", ""deviceValidated"": false}",renders/finish123-complete-states/390x844-text1.0/DS-003-discovery-search-error-normal-ordinary.png,False
DS-003,DS-003-discovery-search-loading-normal-ordinary,state,"{""manifestId"": ""DS-003"", ""readTarget"": ""discovery.search"", ""state"": ""loading"", ""variant"": ""normal"", ""role"": ""ordinary"", ""readCalls"": [""discovery.search""], ""evidenceType"": ""SYNTHETIC_PRODUCTION_WIDGET"", ""deviceValidated"": false}",renders/finish123-complete-states/390x844-text1.0/DS-003-discovery-search-loading-normal-ordinary.png,False
DS-004,DS-004-dynamic-feed-empty-normal-ordinary,state,"{""manifestId"": ""DS-004"", ""readTarget"": ""dynamic.feed"", ""state"": ""empty"", ""variant"": ""normal"", ""role"": ""ordinary"", ""readCalls"": [""dynamic.feed""], ""evidenceType"": ""SYNTHETIC_PRODUCTION_WIDGET"", ""deviceValidated"": false}",renders/finish123-complete-states/390x844-text1.0/DS-004-dynamic-feed-empty-normal-ordinary.png,False
DS-004,DS-004-dynamic-feed-error-normal-ordinary,state,"{""manifestId"": ""DS-004"", ""readTarget"": ""dynamic.feed"", ""state"": ""error"", ""variant"": ""normal"", ""role"": ""ordinary"", ""readCalls"": [""dynamic.feed""], ""evidenceType"": ""SYNTHETIC_PRODUCTION_WIDGET"", ""deviceValidated"": false}",renders/finish123-complete-states/390x844-text1.0/DS-004-dynamic-feed-error-normal-ordinary.png,False
DS-004,DS-004-dynamic-feed-loading-normal-ordinary,state,"{""manifestId"": ""DS-004"", ""readTarget"": ""dynamic.feed"", ""state"": ""loading"", ""variant"": ""normal"", ""role"": ""ordinary"", ""readCalls"": [""dynamic.feed""], ""evidenceType"": ""SYNTHETIC_PRODUCTION_WIDGET"", ""deviceValidated"": false}",renders/finish123-complete-states/390x844-text1.0/DS-004-dynamic-feed-loading-normal-ordinary.png,False
DS-005,DS-005-dynamic-comments-empty-normal-ordinary,state,"{""manifestId"": ""DS-005"", ""readTarget"": ""dynamic.comments"", ""state"": ""empty"", ""variant"": ""normal"", ""role"": ""ordinary"", ""readCalls"": [""dynamic.post"", ""dynamic.comments""], ""evidenceType"": ""SYNTHETIC_PRODUCTION_WIDGET"", ""deviceValidated"": false}",renders/finish123-complete-states/390x844-text1.0/DS-005-dynamic-comments-empty-normal-ordinary.png,False
DS-005,DS-005-dynamic-comments-error-normal-ordinary,state,"{""manifestId"": ""DS-005"", ""readTarget"": ""dynamic.comments"", ""state"": ""error"", ""variant"": ""normal"", ""role"": ""ordinary"", ""readCalls"": [""dynamic.post"", ""dynamic.comments""], ""evidenceType"": ""SYNTHETIC_PRODUCTION_WIDGET"", ""deviceValidated"": false}",renders/finish123-complete-states/390x844-text1.0/DS-005-dynamic-comments-error-normal-ordinary.png,False
DS-005,DS-005-dynamic-comments-loading-normal-ordinary,state,"{""manifestId"": ""DS-005"", ""readTarget"": ""dynamic.comments"", ""state"": ""loading"", ""variant"": ""normal"", ""role"": ""ordinary"", ""readCalls"": [""dynamic.post"", ""dynamic.comments""], ""evidenceType"": ""SYNTHETIC_PRODUCTION_WIDGET"", ""deviceValidated"": false}",renders/finish123-complete-states/390x844-text1.0/DS-005-dynamic-comments-loading-normal-ordinary.png,False
DS-005,DS-005-dynamic-post-error-normal-ordinary,state,"{""manifestId"": ""DS-005"", ""readTarget"": ""dynamic.post"", ""state"": ""error"", ""variant"": ""normal"", ""role"": ""ordinary"", ""readCalls"": [""dynamic.post"", ""dynamic.comments""], ""evidenceType"": ""SYNTHETIC_PRODUCTION_WIDGET"", ""deviceValidated"": false}",renders/finish123-complete-states/390x844-text1.0/DS-005-dynamic-post-error-normal-ordinary.png,False
DS-005,DS-005-dynamic-post-loading-normal-ordinary,state,"{""manifestId"": ""DS-005"", ""readTarget"": ""dynamic.post"", ""state"": ""loading"", ""variant"": ""normal"", ""role"": ""ordinary"", ""readCalls"": [""dynamic.post"", ""dynamic.comments""], ""evidenceType"": ""SYNTHETIC_PRODUCTION_WIDGET"", ""deviceValidated"": false}",renders/finish123-complete-states/390x844-text1.0/DS-005-dynamic-post-loading-normal-ordinary.png,False
DS-007,DS-007-dynamic-ranking-empty-normal-ordinary,state,"{""manifestId"": ""DS-007"", ""readTarget"": ""dynamic.ranking"", ""state"": ""empty"", ""variant"": ""normal"", ""role"": ""ordinary"", ""readCalls"": [""dynamic.ranking""], ""evidenceType"": ""SYNTHETIC_PRODUCTION_WIDGET"", ""deviceValidated"": false}",renders/finish123-complete-states/390x844-text1.0/DS-007-dynamic-ranking-empty-normal-ordinary.png,False
DS-007,DS-007-dynamic-ranking-error-normal-ordinary,state,"{""manifestId"": ""DS-007"", ""readTarget"": ""dynamic.ranking"", ""state"": ""error"", ""variant"": ""normal"", ""role"": ""ordinary"", ""readCalls"": [""dynamic.ranking""], ""evidenceType"": ""SYNTHETIC_PRODUCTION_WIDGET"", ""deviceValidated"": false}",renders/finish123-complete-states/390x844-text1.0/DS-007-dynamic-ranking-error-normal-ordinary.png,False
DS-007,DS-007-dynamic-ranking-loading-normal-ordinary,state,"{""manifestId"": ""DS-007"", ""readTarget"": ""dynamic.ranking"", ""state"": ""loading"", ""variant"": ""normal"", ""role"": ""ordinary"", ""readCalls"": [""dynamic.ranking""], ""evidenceType"": ""SYNTHETIC_PRODUCTION_WIDGET"", ""deviceValidated"": false}",renders/finish123-complete-states/390x844-text1.0/DS-007-dynamic-ranking-loading-normal-ordinary.png,False
DS-008,DS-008-discovery-collections-empty-normal-ordinary,state,"{""manifestId"": ""DS-008"", ""readTarget"": ""discovery.collections"", ""state"": ""empty"", ""variant"": ""normal"", ""role"": ""ordinary"", ""readCalls"": [""discovery.collections""], ""evidenceType"": ""SYNTHETIC_PRODUCTION_WIDGET"", ""deviceValidated"": false}",renders/finish123-complete-states/390x844-text1.0/DS-008-discovery-collections-empty-normal-ordinary.png,False
DS-008,DS-008-discovery-collections-error-normal-ordinary,state,"{""manifestId"": ""DS-008"", ""readTarget"": ""discovery.collections"", ""state"": ""error"", ""variant"": ""normal"", ""role"": ""ordinary"", ""readCalls"": [""discovery.collections""], ""evidenceType"": ""SYNTHETIC_PRODUCTION_WIDGET"", ""deviceValidated"": false}",renders/finish123-complete-states/390x844-text1.0/DS-008-discovery-collections-error-normal-ordinary.png,False
DS-008,DS-008-discovery-collections-loading-normal-ordinary,state,"{""manifestId"": ""DS-008"", ""readTarget"": ""discovery.collections"", ""state"": ""loading"", ""variant"": ""normal"", ""role"": ""ordinary"", ""readCalls"": [""discovery.collections""], ""evidenceType"": ""SYNTHETIC_PRODUCTION_WIDGET"", ""deviceValidated"": false}",renders/finish123-complete-states/390x844-text1.0/DS-008-discovery-collections-loading-normal-ordinary.png,False
MS-001,MS-001-message-conversations-empty-normal-ordinary,state,"{""manifestId"": ""MS-001"", ""readTarget"": ""message.conversations"", ""state"": ""empty"", ""variant"": ""normal"", ""role"": ""ordinary"", ""readCalls"": [""message.conversations""], ""evidenceType"": ""SYNTHETIC_PRODUCTION_WIDGET"", ""deviceValidated"": false}",renders/finish123-complete-states/390x844-text1.0/MS-001-message-conversations-empty-normal-ordinary.png,False
MS-001,MS-001-message-conversations-error-normal-ordinary,state,"{""manifestId"": ""MS-001"", ""readTarget"": ""message.conversations"", ""state"": ""error"", ""variant"": ""normal"", ""role"": ""ordinary"", ""readCalls"": [""message.conversations""], ""evidenceType"": ""SYNTHETIC_PRODUCTION_WIDGET"", ""deviceValidated"": false}",renders/finish123-complete-states/390x844-text1.0/MS-001-message-conversations-error-normal-ordinary.png,False
MS-001,MS-001-message-conversations-loading-normal-ordinary,state,"{""manifestId"": ""MS-001"", ""readTarget"": ""message.conversations"", ""state"": ""loading"", ""variant"": ""normal"", ""role"": ""ordinary"", ""readCalls"": [""message.conversations""], ""evidenceType"": ""SYNTHETIC_PRODUCTION_WIDGET"", ""deviceValidated"": false}",renders/finish123-complete-states/390x844-text1.0/MS-001-message-conversations-loading-normal-ordinary.png,False
MS-002,MS-002-message-private-empty-normal-ordinary,state,"{""manifestId"": ""MS-002"", ""readTarget"": ""message.private"", ""state"": ""empty"", ""variant"": ""normal"", ""role"": ""ordinary"", ""readCalls"": [""message.private""], ""evidenceType"": ""SYNTHETIC_PRODUCTION_WIDGET"", ""deviceValidated"": false}",renders/finish123-complete-states/390x844-text1.0/MS-002-message-private-empty-normal-ordinary.png,False
MS-002,MS-002-message-private-error-normal-ordinary,state,"{""manifestId"": ""MS-002"", ""readTarget"": ""message.private"", ""state"": ""error"", ""variant"": ""normal"", ""role"": ""ordinary"", ""readCalls"": [""message.private""], ""evidenceType"": ""SYNTHETIC_PRODUCTION_WIDGET"", ""deviceValidated"": false}",renders/finish123-complete-states/390x844-text1.0/MS-002-message-private-error-normal-ordinary.png,False
MS-002,MS-002-message-private-loading-normal-ordinary,state,"{""manifestId"": ""MS-002"", ""readTarget"": ""message.private"", ""state"": ""loading"", ""variant"": ""normal"", ""role"": ""ordinary"", ""readCalls"": [""message.private""], ""evidenceType"": ""SYNTHETIC_PRODUCTION_WIDGET"", ""deviceValidated"": false}",renders/finish123-complete-states/390x844-text1.0/MS-002-message-private-loading-normal-ordinary.png,False
MS-002,MS-002-message-private-normal-delivery-delivered-ordinary,state,"{""manifestId"": ""MS-002"", ""readTarget"": ""message.private"", ""state"": ""normal"", ""variant"": ""delivery-delivered"", ""role"": ""ordinary"", ""readCalls"": [""message.private""], ""evidenceType"": ""SYNTHETIC_PRODUCTION_WIDGET"", ""deviceValidated"": false}",renders/finish123-complete-states/390x844-text1.0/MS-002-message-private-normal-delivery-delivered-ordinary.png,False
MS-002,MS-002-message-private-normal-delivery-failed-ordinary,state,"{""manifestId"": ""MS-002"", ""readTarget"": ""message.private"", ""state"": ""normal"", ""variant"": ""delivery-failed"", ""role"": ""ordinary"", ""readCalls"": [""message.private""], ""evidenceType"": ""SYNTHETIC_PRODUCTION_WIDGET"", ""deviceValidated"": false}",renders/finish123-complete-states/390x844-text1.0/MS-002-message-private-normal-delivery-failed-ordinary.png,False
MS-002,MS-002-message-private-normal-delivery-pending-ordinary,state,"{""manifestId"": ""MS-002"", ""readTarget"": ""message.private"", ""state"": ""normal"", ""variant"": ""delivery-pending"", ""role"": ""ordinary"", ""readCalls"": [""message.private""], ""evidenceType"": ""SYNTHETIC_PRODUCTION_WIDGET"", ""deviceValidated"": false}",renders/finish123-complete-states/390x844-text1.0/MS-002-message-private-normal-delivery-pending-ordinary.png,False
MS-002,MS-002-message-private-normal-delivery-processing-ordinary,state,"{""manifestId"": ""MS-002"", ""readTarget"": ""message.private"", ""state"": ""normal"", ""variant"": ""delivery-processing"", ""role"": ""ordinary"", ""readCalls"": [""message.private""], ""evidenceType"": ""SYNTHETIC_PRODUCTION_WIDGET"", ""deviceValidated"": false}",renders/finish123-complete-states/390x844-text1.0/MS-002-message-private-normal-delivery-processing-ordinary.png,False
MS-002,MS-002-message-private-normal-delivery-retry-ordinary,state,"{""manifestId"": ""MS-002"", ""readTarget"": ""message.private"", ""state"": ""normal"", ""variant"": ""delivery-retry"", ""role"": ""ordinary"", ""readCalls"": [""message.private""], ""evidenceType"": ""SYNTHETIC_PRODUCTION_WIDGET"", ""deviceValidated"": false}",renders/finish123-complete-states/390x844-text1.0/MS-002-message-private-normal-delivery-retry-ordinary.png,False
MS-002,MS-002-message-private-normal-delivery-unknown-ordinary,state,"{""manifestId"": ""MS-002"", ""readTarget"": ""message.private"", ""state"": ""normal"", ""variant"": ""delivery-unknown"", ""role"": ""ordinary"", ""readCalls"": [""message.private""], ""evidenceType"": ""SYNTHETIC_PRODUCTION_WIDGET"", ""deviceValidated"": false}",renders/finish123-complete-states/390x844-text1.0/MS-002-message-private-normal-delivery-unknown-ordinary.png,False
MS-002,MS-002-message-private-normal-delivery-vendorBlocked-ordinary,state,"{""manifestId"": ""MS-002"", ""readTarget"": ""message.private"", ""state"": ""normal"", ""variant"": ""delivery-vendorBlocked"", ""role"": ""ordinary"", ""readCalls"": [""message.private""], ""evidenceType"": ""SYNTHETIC_PRODUCTION_WIDGET"", ""deviceValidated"": false}",renders/finish123-complete-states/390x844-text1.0/MS-002-message-private-normal-delivery-vendorBlocked-ordinary.png,False
MS-003,MS-003-message-notifications-empty-normal-ordinary,state,"{""manifestId"": ""MS-003"", ""readTarget"": ""message.notifications"", ""state"": ""empty"", ""variant"": ""normal"", ""role"": ""ordinary"", ""readCalls"": [""message.notifications""], ""evidenceType"": ""SYNTHETIC_PRODUCTION_WIDGET"", ""deviceValidated"": false}",renders/finish123-complete-states/390x844-text1.0/MS-003-message-notifications-empty-normal-ordinary.png,False
MS-003,MS-003-message-notifications-error-normal-ordinary,state,"{""manifestId"": ""MS-003"", ""readTarget"": ""message.notifications"", ""state"": ""error"", ""variant"": ""normal"", ""role"": ""ordinary"", ""readCalls"": [""message.notifications""], ""evidenceType"": ""SYNTHETIC_PRODUCTION_WIDGET"", ""deviceValidated"": false}",renders/finish123-complete-states/390x844-text1.0/MS-003-message-notifications-error-normal-ordinary.png,False
MS-003,MS-003-message-notifications-loading-normal-ordinary,state,"{""manifestId"": ""MS-003"", ""readTarget"": ""message.notifications"", ""state"": ""loading"", ""variant"": ""normal"", ""role"": ""ordinary"", ""readCalls"": [""message.notifications""], ""evidenceType"": ""SYNTHETIC_PRODUCTION_WIDGET"", ""deviceValidated"": false}",renders/finish123-complete-states/390x844-text1.0/MS-003-message-notifications-loading-normal-ordinary.png,False
MS-004,MS-004-message-notification-error-normal-ordinary,state,"{""manifestId"": ""MS-004"", ""readTarget"": ""message.notification"", ""state"": ""error"", ""variant"": ""normal"", ""role"": ""ordinary"", ""readCalls"": [""message.notification""], ""evidenceType"": ""SYNTHETIC_PRODUCTION_WIDGET"", ""deviceValidated"": false}",renders/finish123-complete-states/390x844-text1.0/MS-004-message-notification-error-normal-ordinary.png,False
MS-004,MS-004-message-notification-loading-normal-ordinary,state,"{""manifestId"": ""MS-004"", ""readTarget"": ""message.notification"", ""state"": ""loading"", ""variant"": ""normal"", ""role"": ""ordinary"", ""readCalls"": [""message.notification""], ""evidenceType"": ""SYNTHETIC_PRODUCTION_WIDGET"", ""deviceValidated"": false}",renders/finish123-complete-states/390x844-text1.0/MS-004-message-notification-loading-normal-ordinary.png,False
MS-004,MS-004-message-notification-normal-target-unavailable-ordinary,state,"{""manifestId"": ""MS-004"", ""readTarget"": ""message.notification"", ""state"": ""normal"", ""variant"": ""target-unavailable"", ""role"": ""ordinary"", ""readCalls"": [""message.notification""], ""evidenceType"": ""SYNTHETIC_PRODUCTION_WIDGET"", ""deviceValidated"": false}",renders/finish123-complete-states/390x844-text1.0/MS-004-message-notification-normal-target-unavailable-ordinary.png,False
MS-006,MS-006-message-recovery-error-normal-ordinary,state,"{""manifestId"": ""MS-006"", ""readTarget"": ""message.recovery"", ""state"": ""error"", ""variant"": ""normal"", ""role"": ""ordinary"", ""readCalls"": [""message.recovery""], ""evidenceType"": ""SYNTHETIC_PRODUCTION_WIDGET"", ""deviceValidated"": false}",renders/finish123-complete-states/390x844-text1.0/MS-006-message-recovery-error-normal-ordinary.png,False
MS-006,MS-006-message-recovery-loading-normal-ordinary,state,"{""manifestId"": ""MS-006"", ""readTarget"": ""message.recovery"", ""state"": ""loading"", ""variant"": ""normal"", ""role"": ""ordinary"", ""readCalls"": [""message.recovery""], ""evidenceType"": ""SYNTHETIC_PRODUCTION_WIDGET"", ""deviceValidated"": false}",renders/finish123-complete-states/390x844-text1.0/MS-006-message-recovery-loading-normal-ordinary.png,False
MS-006,MS-006-message-recovery-normal-notification-allowed-ordinary,state,"{""manifestId"": ""MS-006"", ""readTarget"": ""message.recovery"", ""state"": ""normal"", ""variant"": ""notification-allowed"", ""role"": ""ordinary"", ""readCalls"": [""message.recovery""], ""evidenceType"": ""SYNTHETIC_PRODUCTION_WIDGET"", ""deviceValidated"": false}",renders/finish123-complete-states/390x844-text1.0/MS-006-message-recovery-normal-notification-allowed-ordinary.png,False
MS-006,MS-006-message-recovery-normal-notification-denied-ordinary,state,"{""manifestId"": ""MS-006"", ""readTarget"": ""message.recovery"", ""state"": ""normal"", ""variant"": ""notification-denied"", ""role"": ""ordinary"", ""readCalls"": [""message.recovery""], ""evidenceType"": ""SYNTHETIC_PRODUCTION_WIDGET"", ""deviceValidated"": false}",renders/finish123-complete-states/390x844-text1.0/MS-006-message-recovery-normal-notification-denied-ordinary.png,False
MS-006,MS-006-message-recovery-normal-notification-permanentlyDenied-ordinary,state,"{""manifestId"": ""MS-006"", ""readTarget"": ""message.recovery"", ""state"": ""normal"", ""variant"": ""notification-permanentlyDenied"", ""role"": ""ordinary"", ""readCalls"": [""message.recovery""], ""evidenceType"": ""SYNTHETIC_PRODUCTION_WIDGET"", ""deviceValidated"": false}",renders/finish123-complete-states/390x844-text1.0/MS-006-message-recovery-normal-notification-permanentlyDenied-ordinary.png,False
MS-006,MS-006-message-recovery-normal-notification-restricted-ordinary,state,"{""manifestId"": ""MS-006"", ""readTarget"": ""message.recovery"", ""state"": ""normal"", ""variant"": ""notification-restricted"", ""role"": ""ordinary"", ""readCalls"": [""message.recovery""], ""evidenceType"": ""SYNTHETIC_PRODUCTION_WIDGET"", ""deviceValidated"": false}",renders/finish123-complete-states/390x844-text1.0/MS-006-message-recovery-normal-notification-restricted-ordinary.png,False
MS-006,MS-006-message-recovery-normal-notification-unavailable-ordinary,state,"{""manifestId"": ""MS-006"", ""readTarget"": ""message.recovery"", ""state"": ""normal"", ""variant"": ""notification-unavailable"", ""role"": ""ordinary"", ""readCalls"": [""message.recovery""], ""evidenceType"": ""SYNTHETIC_PRODUCTION_WIDGET"", ""deviceValidated"": false}",renders/finish123-complete-states/390x844-text1.0/MS-006-message-recovery-normal-notification-unavailable-ordinary.png,False
MS-006,MS-006-message-recovery-normal-notification-unknown-ordinary,state,"{""manifestId"": ""MS-006"", ""readTarget"": ""message.recovery"", ""state"": ""normal"", ""variant"": ""notification-unknown"", ""role"": ""ordinary"", ""readCalls"": [""message.recovery""], ""evidenceType"": ""SYNTHETIC_PRODUCTION_WIDGET"", ""deviceValidated"": false}",renders/finish123-complete-states/390x844-text1.0/MS-006-message-recovery-normal-notification-unknown-ordinary.png,False
RM-001,RM-001-room-owned-empty-normal-chair,state,"{""manifestId"": ""RM-001"", ""readTarget"": ""room.owned"", ""state"": ""empty"", ""variant"": ""normal"", ""role"": ""chair"", ""readCalls"": [""room.owned"", ""community.home""], ""evidenceType"": ""SYNTHETIC_PRODUCTION_WIDGET"", ""deviceValidated"": false}",renders/finish123-complete-states/390x844-text1.0/RM-001-room-owned-empty-normal-chair.png,False
RM-001,RM-001-room-owned-error-normal-chair,state,"{""manifestId"": ""RM-001"", ""readTarget"": ""room.owned"", ""state"": ""error"", ""variant"": ""normal"", ""role"": ""chair"", ""readCalls"": [""room.owned"", ""community.home""], ""evidenceType"": ""SYNTHETIC_PRODUCTION_WIDGET"", ""deviceValidated"": false}",renders/finish123-complete-states/390x844-text1.0/RM-001-room-owned-error-normal-chair.png,False
RM-001,RM-001-room-owned-loading-normal-chair,state,"{""manifestId"": ""RM-001"", ""readTarget"": ""room.owned"", ""state"": ""loading"", ""variant"": ""normal"", ""role"": ""chair"", ""readCalls"": [""room.owned"", ""community.home""], ""evidenceType"": ""SYNTHETIC_PRODUCTION_WIDGET"", ""deviceValidated"": false}",renders/finish123-complete-states/390x844-text1.0/RM-001-room-owned-loading-normal-chair.png,False
RM-002,RM-002-room-configuration-error-normal-ordinary,state,"{""manifestId"": ""RM-002"", ""readTarget"": ""room.configuration"", ""state"": ""error"", ""variant"": ""normal"", ""role"": ""ordinary"", ""readCalls"": [""room.configuration""], ""evidenceType"": ""SYNTHETIC_PRODUCTION_WIDGET"", ""deviceValidated"": false}",renders/finish123-complete-states/390x844-text1.0/RM-002-room-configuration-error-normal-ordinary.png,False
RM-002,RM-002-room-configuration-loading-normal-ordinary,state,"{""manifestId"": ""RM-002"", ""readTarget"": ""room.configuration"", ""state"": ""loading"", ""variant"": ""normal"", ""role"": ""ordinary"", ""readCalls"": [""room.configuration""], ""evidenceType"": ""SYNTHETIC_PRODUCTION_WIDGET"", ""deviceValidated"": false}",renders/finish123-complete-states/390x844-text1.0/RM-002-room-configuration-loading-normal-ordinary.png,False
RM-003,RM-003-room-link-error-normal-ordinary,state,"{""manifestId"": ""RM-003"", ""readTarget"": ""room.link"", ""state"": ""error"", ""variant"": ""normal"", ""role"": ""ordinary"", ""readCalls"": [""room.link""], ""evidenceType"": ""SYNTHETIC_PRODUCTION_WIDGET"", ""deviceValidated"": false}",renders/finish123-complete-states/390x844-text1.0/RM-003-room-link-error-normal-ordinary.png,False
RM-003,RM-003-room-link-loading-normal-ordinary,state,"{""manifestId"": ""RM-003"", ""readTarget"": ""room.link"", ""state"": ""loading"", ""variant"": ""normal"", ""role"": ""ordinary"", ""readCalls"": [""room.link""], ""evidenceType"": ""SYNTHETIC_PRODUCTION_WIDGET"", ""deviceValidated"": false}",renders/finish123-complete-states/390x844-text1.0/RM-003-room-link-loading-normal-ordinary.png,False
RM-004,RM-004-room-enter-error-normal-ordinary,state,"{""manifestId"": ""RM-004"", ""readTarget"": ""room.enter"", ""state"": ""error"", ""variant"": ""normal"", ""role"": ""ordinary"", ""readCalls"": [""room.enter""], ""evidenceType"": ""SYNTHETIC_PRODUCTION_WIDGET"", ""deviceValidated"": false}",renders/finish123-complete-states/390x844-text1.0/RM-004-room-enter-error-normal-ordinary.png,False
RM-004,RM-004-room-enter-loading-normal-ordinary,state,"{""manifestId"": ""RM-004"", ""readTarget"": ""room.enter"", ""state"": ""loading"", ""variant"": ""normal"", ""role"": ""ordinary"", ""readCalls"": [""room.enter""], ""evidenceType"": ""SYNTHETIC_PRODUCTION_WIDGET"", ""deviceValidated"": false}",renders/finish123-complete-states/390x844-text1.0/RM-004-room-enter-loading-normal-ordinary.png,False
RM-006,RM-006-room-members-empty-normal-ordinary,state,"{""manifestId"": ""RM-006"", ""readTarget"": ""room.members"", ""state"": ""empty"", ""variant"": ""normal"", ""role"": ""ordinary"", ""readCalls"": [""room.members""], ""evidenceType"": ""SYNTHETIC_PRODUCTION_WIDGET"", ""deviceValidated"": false}",renders/finish123-complete-states/390x844-text1.0/RM-006-room-members-empty-normal-ordinary.png,False
RM-006,RM-006-room-members-error-normal-ordinary,state,"{""manifestId"": ""RM-006"", ""readTarget"": ""room.members"", ""state"": ""error"", ""variant"": ""normal"", ""role"": ""ordinary"", ""readCalls"": [""room.members""], ""evidenceType"": ""SYNTHETIC_PRODUCTION_WIDGET"", ""deviceValidated"": false}",renders/finish123-complete-states/390x844-text1.0/RM-006-room-members-error-normal-ordinary.png,False
RM-006,RM-006-room-members-loading-normal-ordinary,state,"{""manifestId"": ""RM-006"", ""readTarget"": ""room.members"", ""state"": ""loading"", ""variant"": ""normal"", ""role"": ""ordinary"", ""readCalls"": [""room.members""], ""evidenceType"": ""SYNTHETIC_PRODUCTION_WIDGET"", ""deviceValidated"": false}",renders/finish123-complete-states/390x844-text1.0/RM-006-room-members-loading-normal-ordinary.png,False
RM-007,RM-007-room-members-empty-normal-roomOwner,state,"{""manifestId"": ""RM-007"", ""readTarget"": ""room.members"", ""state"": ""empty"", ""variant"": ""normal"", ""role"": ""roomOwner"", ""readCalls"": [""room.mic-queue"", ""room.members"", ""room.muted"", ""room.managers"", ""room.mic-queue""], ""evidenceType"": ""SYNTHETIC_PRODUCTION_WIDGET"", ""deviceValidated"": false}",renders/finish123-complete-states/390x844-text1.0/RM-007-room-members-empty-normal-roomOwner.png,False
RM-007,RM-007-room-members-error-normal-roomOwner,state,"{""manifestId"": ""RM-007"", ""readTarget"": ""room.members"", ""state"": ""error"", ""variant"": ""normal"", ""role"": ""roomOwner"", ""readCalls"": [""room.mic-queue"", ""room.members"", ""room.muted"", ""room.managers""], ""evidenceType"": ""SYNTHETIC_PRODUCTION_WIDGET"", ""deviceValidated"": false}",renders/finish123-complete-states/390x844-text1.0/RM-007-room-members-error-normal-roomOwner.png,False
RM-007,RM-007-room-members-loading-normal-roomOwner,state,"{""manifestId"": ""RM-007"", ""readTarget"": ""room.members"", ""state"": ""loading"", ""variant"": ""normal"", ""role"": ""roomOwner"", ""readCalls"": [""room.mic-queue"", ""room.members"", ""room.muted"", ""room.managers""], ""evidenceType"": ""SYNTHETIC_PRODUCTION_WIDGET"", ""deviceValidated"": false}",renders/finish123-complete-states/390x844-text1.0/RM-007-room-members-loading-normal-roomOwner.png,False
RM-008,RM-008-room-topic-empty-normal-ordinary,state,"{""manifestId"": ""RM-008"", ""readTarget"": ""room.topic"", ""state"": ""empty"", ""variant"": ""normal"", ""role"": ""ordinary"", ""readCalls"": [""room.topic""], ""evidenceType"": ""SYNTHETIC_PRODUCTION_WIDGET"", ""deviceValidated"": false}",renders/finish123-complete-states/390x844-text1.0/RM-008-room-topic-empty-normal-ordinary.png,False
RM-008,RM-008-room-topic-error-normal-ordinary,state,"{""manifestId"": ""RM-008"", ""readTarget"": ""room.topic"", ""state"": ""error"", ""variant"": ""normal"", ""role"": ""ordinary"", ""readCalls"": [""room.topic""], ""evidenceType"": ""SYNTHETIC_PRODUCTION_WIDGET"", ""deviceValidated"": false}",renders/finish123-complete-states/390x844-text1.0/RM-008-room-topic-error-normal-ordinary.png,False
RM-008,RM-008-room-topic-loading-normal-ordinary,state,"{""manifestId"": ""RM-008"", ""readTarget"": ""room.topic"", ""state"": ""loading"", ""variant"": ""normal"", ""role"": ""ordinary"", ""readCalls"": [""room.topic""], ""evidenceType"": ""SYNTHETIC_PRODUCTION_WIDGET"", ""deviceValidated"": false}",renders/finish123-complete-states/390x844-text1.0/RM-008-room-topic-loading-normal-ordinary.png,False
SC-001,SC-001-community-home-empty-normal-ordinary,state,"{""manifestId"": ""SC-001"", ""readTarget"": ""community.home"", ""state"": ""empty"", ""variant"": ""normal"", ""role"": ""ordinary"", ""readCalls"": [""community.home""], ""evidenceType"": ""SYNTHETIC_PRODUCTION_WIDGET"", ""deviceValidated"": false}",renders/finish123-complete-states/390x844-text1.0/SC-001-community-home-empty-normal-ordinary.png,False
SC-001,SC-001-community-home-error-normal-ordinary,state,"{""manifestId"": ""SC-001"", ""readTarget"": ""community.home"", ""state"": ""error"", ""variant"": ""normal"", ""role"": ""ordinary"", ""readCalls"": [""community.home""], ""evidenceType"": ""SYNTHETIC_PRODUCTION_WIDGET"", ""deviceValidated"": false}",renders/finish123-complete-states/390x844-text1.0/SC-001-community-home-error-normal-ordinary.png,False
SC-001,SC-001-community-home-loading-normal-ordinary,state,"{""manifestId"": ""SC-001"", ""readTarget"": ""community.home"", ""state"": ""loading"", ""variant"": ""normal"", ""role"": ""ordinary"", ""readCalls"": [""community.home""], ""evidenceType"": ""SYNTHETIC_PRODUCTION_WIDGET"", ""deviceValidated"": false}",renders/finish123-complete-states/390x844-text1.0/SC-001-community-home-loading-normal-ordinary.png,False
SC-001,SC-001-community-home-normal-guild-authority-unknown-ordinary,state,"{""manifestId"": ""SC-001"", ""readTarget"": ""community.home"", ""state"": ""normal"", ""variant"": ""guild-authority-unknown"", ""role"": ""ordinary"", ""readCalls"": [""community.home""], ""evidenceType"": ""SYNTHETIC_PRODUCTION_WIDGET"", ""deviceValidated"": false}",renders/finish123-complete-states/390x844-text1.0/SC-001-community-home-normal-guild-authority-unknown-ordinary.png,False
SC-001,SC-001-community-home-normal-normal-anchor,state,"{""manifestId"": ""SC-001"", ""readTarget"": ""community.home"", ""state"": ""normal"", ""variant"": ""normal"", ""role"": ""anchor"", ""readCalls"": [""community.home""], ""evidenceType"": ""SYNTHETIC_PRODUCTION_WIDGET"", ""deviceValidated"": false}",renders/finish123-complete-states/390x844-text1.0/SC-001-community-home-normal-normal-anchor.png,False
SC-001,SC-001-community-home-normal-normal-chair,state,"{""manifestId"": ""SC-001"", ""readTarget"": ""community.home"", ""state"": ""normal"", ""variant"": ""normal"", ""role"": ""chair"", ""readCalls"": [""community.home""], ""evidenceType"": ""SYNTHETIC_PRODUCTION_WIDGET"", ""deviceValidated"": false}",renders/finish123-complete-states/390x844-text1.0/SC-001-community-home-normal-normal-chair.png,False
SC-001,SC-001-community-home-normal-normal-ordinary,state,"{""manifestId"": ""SC-001"", ""readTarget"": ""community.home"", ""state"": ""normal"", ""variant"": ""normal"", ""role"": ""ordinary"", ""readCalls"": [""community.home""], ""evidenceType"": ""SYNTHETIC_PRODUCTION_WIDGET"", ""deviceValidated"": false}",renders/finish123-complete-states/390x844-text1.0/SC-001-community-home-normal-normal-ordinary.png,False
SC-001,SC-001-detail-community-guild-normal-guild-closed-anchor,state,"{""manifestId"": ""SC-001"", ""readTarget"": ""community.guild"", ""state"": ""normal"", ""variant"": ""guild-closed"", ""role"": ""anchor"", ""readCalls"": [""community.guild""], ""evidenceType"": ""SYNTHETIC_PRODUCTION_WIDGET"", ""deviceValidated"": false}",renders/finish123-complete-states/390x844-text1.0/SC-001-detail-community-guild-normal-guild-closed-anchor.png,False
SC-001,SC-001-detail-community-guild-normal-guild-closed-chair,state,"{""manifestId"": ""SC-001"", ""readTarget"": ""community.guild"", ""state"": ""normal"", ""variant"": ""guild-closed"", ""role"": ""chair"", ""readCalls"": [""community.guild""], ""evidenceType"": ""SYNTHETIC_PRODUCTION_WIDGET"", ""deviceValidated"": false}",renders/finish123-complete-states/390x844-text1.0/SC-001-detail-community-guild-normal-guild-closed-chair.png,False
SC-001,SC-001-detail-community-guild-normal-guild-closed-ordinary,state,"{""manifestId"": ""SC-001"", ""readTarget"": ""community.guild"", ""state"": ""normal"", ""variant"": ""guild-closed"", ""role"": ""ordinary"", ""readCalls"": [""community.guild""], ""evidenceType"": ""SYNTHETIC_PRODUCTION_WIDGET"", ""deviceValidated"": false}",renders/finish123-complete-states/390x844-text1.0/SC-001-detail-community-guild-normal-guild-closed-ordinary.png,False
SC-001,SC-001-detail-community-guild-normal-guild-pending-ordinary,state,"{""manifestId"": ""SC-001"", ""readTarget"": ""community.guild"", ""state"": ""normal"", ""variant"": ""guild-pending"", ""role"": ""ordinary"", ""readCalls"": [""community.guild""], ""evidenceType"": ""SYNTHETIC_PRODUCTION_WIDGET"", ""deviceValidated"": false}",renders/finish123-complete-states/390x844-text1.0/SC-001-detail-community-guild-normal-guild-pending-ordinary.png,False
SC-001,SC-001-detail-community-guild-normal-normal-anchor,state,"{""manifestId"": ""SC-001"", ""readTarget"": ""community.guild"", ""state"": ""normal"", ""variant"": ""normal"", ""role"": ""anchor"", ""readCalls"": [""community.guild""], ""evidenceType"": ""SYNTHETIC_PRODUCTION_WIDGET"", ""deviceValidated"": false}",renders/finish123-complete-states/390x844-text1.0/SC-001-detail-community-guild-normal-normal-anchor.png,False
SC-001,SC-001-detail-community-guild-normal-normal-chair,state,"{""manifestId"": ""SC-001"", ""readTarget"": ""community.guild"", ""state"": ""normal"", ""variant"": ""normal"", ""role"": ""chair"", ""readCalls"": [""community.guild""], ""evidenceType"": ""SYNTHETIC_PRODUCTION_WIDGET"", ""deviceValidated"": false}",renders/finish123-complete-states/390x844-text1.0/SC-001-detail-community-guild-normal-normal-chair.png,False
SC-001,SC-001-detail-community-guild-normal-normal-ordinary,state,"{""manifestId"": ""SC-001"", ""readTarget"": ""community.guild"", ""state"": ""normal"", ""variant"": ""normal"", ""role"": ""ordinary"", ""readCalls"": [""community.guild""], ""evidenceType"": ""SYNTHETIC_PRODUCTION_WIDGET"", ""deviceValidated"": false}",renders/finish123-complete-states/390x844-text1.0/SC-001-detail-community-guild-normal-normal-ordinary.png,False
SC-002,SC-002-community-members-empty-normal-chair,state,"{""manifestId"": ""SC-002"", ""readTarget"": ""community.members"", ""state"": ""empty"", ""variant"": ""normal"", ""role"": ""chair"", ""readCalls"": [""community.home"", ""community.guild"", ""community.members"", ""community.applications"", ""community.guild""], ""evidenceType"": ""SYNTHETIC_PRODUCTION_WIDGET"", ""deviceValidated"": false}",renders/finish123-complete-states/390x844-text1.0/SC-002-community-members-empty-normal-chair.png,False
SC-002,SC-002-community-members-error-normal-chair,state,"{""manifestId"": ""SC-002"", ""readTarget"": ""community.members"", ""state"": ""error"", ""variant"": ""normal"", ""role"": ""chair"", ""readCalls"": [""community.home"", ""community.guild"", ""community.members""], ""evidenceType"": ""SYNTHETIC_PRODUCTION_WIDGET"", ""deviceValidated"": false}",renders/finish123-complete-states/390x844-text1.0/SC-002-community-members-error-normal-chair.png,False
SC-002,SC-002-community-members-loading-normal-chair,state,"{""manifestId"": ""SC-002"", ""readTarget"": ""community.members"", ""state"": ""loading"", ""variant"": ""normal"", ""role"": ""chair"", ""readCalls"": [""community.home"", ""community.guild"", ""community.members""], ""evidenceType"": ""SYNTHETIC_PRODUCTION_WIDGET"", ""deviceValidated"": false}",renders/finish123-complete-states/390x844-text1.0/SC-002-community-members-loading-normal-chair.png,False
SC-002,SC-002-community-members-normal-normal-anchor,state,"{""manifestId"": ""SC-002"", ""readTarget"": ""community.members"", ""state"": ""normal"", ""variant"": ""normal"", ""role"": ""anchor"", ""readCalls"": [""community.home"", ""community.guild"", ""community.members"", ""community.guild""], ""evidenceType"": ""SYNTHETIC_PRODUCTION_WIDGET"", ""deviceValidated"": false}",renders/finish123-complete-states/390x844-text1.0/SC-002-community-members-normal-normal-anchor.png,False
SC-002,SC-002-community-members-normal-normal-chair,state,"{""manifestId"": ""SC-002"", ""readTarget"": ""community.members"", ""state"": ""normal"", ""variant"": ""normal"", ""role"": ""chair"", ""readCalls"": [""community.home"", ""community.guild"", ""community.members"", ""community.guild"", ""community.applications"", ""community.guild""], ""evidenceType"": ""SYNTHETIC_PRODUCTION_WIDGET"", ""deviceValidated"": false}",renders/finish123-complete-states/390x844-text1.0/SC-002-community-members-normal-normal-chair.png,False
SC-003,SC-003-community-invite-empty-normal-ordinary,state,"{""manifestId"": ""SC-003"", ""readTarget"": ""community.invite"", ""state"": ""empty"", ""variant"": ""normal"", ""role"": ""ordinary"", ""readCalls"": [""community.invite""], ""evidenceType"": ""SYNTHETIC_PRODUCTION_WIDGET"", ""deviceValidated"": false}",renders/finish123-complete-states/390x844-text1.0/SC-003-community-invite-empty-normal-ordinary.png,False
SC-003,SC-003-community-invite-error-normal-ordinary,state,"{""manifestId"": ""SC-003"", ""readTarget"": ""community.invite"", ""state"": ""error"", ""variant"": ""normal"", ""role"": ""ordinary"", ""readCalls"": [""community.invite""], ""evidenceType"": ""SYNTHETIC_PRODUCTION_WIDGET"", ""deviceValidated"": false}",renders/finish123-complete-states/390x844-text1.0/SC-003-community-invite-error-normal-ordinary.png,False
SC-003,SC-003-community-invite-loading-normal-ordinary,state,"{""manifestId"": ""SC-003"", ""readTarget"": ""community.invite"", ""state"": ""loading"", ""variant"": ""normal"", ""role"": ""ordinary"", ""readCalls"": [""community.invite""], ""evidenceType"": ""SYNTHETIC_PRODUCTION_WIDGET"", ""deviceValidated"": false}",renders/finish123-complete-states/390x844-text1.0/SC-003-community-invite-loading-normal-ordinary.png,False
US-001,US-001-social-profile-error-normal-ordinary,state,"{""manifestId"": ""US-001"", ""readTarget"": ""social.profile"", ""state"": ""error"", ""variant"": ""normal"", ""role"": ""ordinary"", ""readCalls"": [""message.conversations"", ""social.profile"", ""discovery.home"", ""social.profile""], ""evidenceType"": ""SYNTHETIC_PRODUCTION_WIDGET"", ""deviceValidated"": false}",renders/finish123-complete-states/390x844-text1.0/US-001-social-profile-error-normal-ordinary.png,False
US-001,US-001-social-profile-loading-normal-ordinary,state,"{""manifestId"": ""US-001"", ""readTarget"": ""social.profile"", ""state"": ""loading"", ""variant"": ""normal"", ""role"": ""ordinary"", ""readCalls"": [""message.conversations"", ""social.profile"", ""discovery.home"", ""social.profile""], ""evidenceType"": ""SYNTHETIC_PRODUCTION_WIDGET"", ""deviceValidated"": false}",renders/finish123-complete-states/390x844-text1.0/US-001-social-profile-loading-normal-ordinary.png,False
US-003,US-003-social-public-error-normal-ordinary,state,"{""manifestId"": ""US-003"", ""readTarget"": ""social.public"", ""state"": ""error"", ""variant"": ""normal"", ""role"": ""ordinary"", ""readCalls"": [""social.public""], ""evidenceType"": ""SYNTHETIC_PRODUCTION_WIDGET"", ""deviceValidated"": false}",renders/finish123-complete-states/390x844-text1.0/US-003-social-public-error-normal-ordinary.png,False
US-003,US-003-social-public-loading-normal-ordinary,state,"{""manifestId"": ""US-003"", ""readTarget"": ""social.public"", ""state"": ""loading"", ""variant"": ""normal"", ""role"": ""ordinary"", ""readCalls"": [""social.public""], ""evidenceType"": ""SYNTHETIC_PRODUCTION_WIDGET"", ""deviceValidated"": false}",renders/finish123-complete-states/390x844-text1.0/US-003-social-public-loading-normal-ordinary.png,False
US-004,US-004-social-relations-empty-normal-ordinary,state,"{""manifestId"": ""US-004"", ""readTarget"": ""social.relations"", ""state"": ""empty"", ""variant"": ""normal"", ""role"": ""ordinary"", ""readCalls"": [""social.relations""], ""evidenceType"": ""SYNTHETIC_PRODUCTION_WIDGET"", ""deviceValidated"": false}",renders/finish123-complete-states/390x844-text1.0/US-004-social-relations-empty-normal-ordinary.png,False
US-004,US-004-social-relations-error-normal-ordinary,state,"{""manifestId"": ""US-004"", ""readTarget"": ""social.relations"", ""state"": ""error"", ""variant"": ""normal"", ""role"": ""ordinary"", ""readCalls"": [""social.relations""], ""evidenceType"": ""SYNTHETIC_PRODUCTION_WIDGET"", ""deviceValidated"": false}",renders/finish123-complete-states/390x844-text1.0/US-004-social-relations-error-normal-ordinary.png,False
US-004,US-004-social-relations-loading-normal-ordinary,state,"{""manifestId"": ""US-004"", ""readTarget"": ""social.relations"", ""state"": ""loading"", ""variant"": ""normal"", ""role"": ""ordinary"", ""readCalls"": [""social.relations""], ""evidenceType"": ""SYNTHETIC_PRODUCTION_WIDGET"", ""deviceValidated"": false}",renders/finish123-complete-states/390x844-text1.0/US-004-social-relations-loading-normal-ordinary.png,False
US-006,US-006-social-visitors-empty-normal-ordinary,state,"{""manifestId"": ""US-006"", ""readTarget"": ""social.visitors"", ""state"": ""empty"", ""variant"": ""normal"", ""role"": ""ordinary"", ""readCalls"": [""social.visitors""], ""evidenceType"": ""SYNTHETIC_PRODUCTION_WIDGET"", ""deviceValidated"": false}",renders/finish123-complete-states/390x844-text1.0/US-006-social-visitors-empty-normal-ordinary.png,False
US-006,US-006-social-visitors-error-normal-ordinary,state,"{""manifestId"": ""US-006"", ""readTarget"": ""social.visitors"", ""state"": ""error"", ""variant"": ""normal"", ""role"": ""ordinary"", ""readCalls"": [""social.visitors""], ""evidenceType"": ""SYNTHETIC_PRODUCTION_WIDGET"", ""deviceValidated"": false}",renders/finish123-complete-states/390x844-text1.0/US-006-social-visitors-error-normal-ordinary.png,False
US-006,US-006-social-visitors-loading-normal-ordinary,state,"{""manifestId"": ""US-006"", ""readTarget"": ""social.visitors"", ""state"": ""loading"", ""variant"": ""normal"", ""role"": ""ordinary"", ""readCalls"": [""social.visitors""], ""evidenceType"": ""SYNTHETIC_PRODUCTION_WIDGET"", ""deviceValidated"": false}",renders/finish123-complete-states/390x844-text1.0/US-006-social-visitors-loading-normal-ordinary.png,False
US-007,US-007-social-blacklist-empty-normal-ordinary,state,"{""manifestId"": ""US-007"", ""readTarget"": ""social.blacklist"", ""state"": ""empty"", ""variant"": ""normal"", ""role"": ""ordinary"", ""readCalls"": [""social.privacy"", ""social.blacklist""], ""evidenceType"": ""SYNTHETIC_PRODUCTION_WIDGET"", ""deviceValidated"": false}",renders/finish123-complete-states/390x844-text1.0/US-007-social-blacklist-empty-normal-ordinary.png,False
US-007,US-007-social-blacklist-error-normal-ordinary,state,"{""manifestId"": ""US-007"", ""readTarget"": ""social.blacklist"", ""state"": ""error"", ""variant"": ""normal"", ""role"": ""ordinary"", ""readCalls"": [""social.privacy"", ""social.blacklist""], ""evidenceType"": ""SYNTHETIC_PRODUCTION_WIDGET"", ""deviceValidated"": false}",renders/finish123-complete-states/390x844-text1.0/US-007-social-blacklist-error-normal-ordinary.png,False
US-007,US-007-social-blacklist-loading-normal-ordinary,state,"{""manifestId"": ""US-007"", ""readTarget"": ""social.blacklist"", ""state"": ""loading"", ""variant"": ""normal"", ""role"": ""ordinary"", ""readCalls"": [""social.privacy"", ""social.blacklist""], ""evidenceType"": ""SYNTHETIC_PRODUCTION_WIDGET"", ""deviceValidated"": false}",renders/finish123-complete-states/390x844-text1.0/US-007-social-blacklist-loading-normal-ordinary.png,False
US-009,US-009-history-social-tickets-empty-normal-ordinary,state,"{""manifestId"": ""US-009"", ""readTarget"": ""social.tickets"", ""state"": ""empty"", ""variant"": ""normal"", ""role"": ""ordinary"", ""readCalls"": [""social.tickets""], ""evidenceType"": ""SYNTHETIC_PRODUCTION_WIDGET"", ""deviceValidated"": false}",renders/finish123-complete-states/390x844-text1.0/US-009-history-social-tickets-empty-normal-ordinary.png,False
US-009,US-009-history-social-tickets-error-normal-ordinary,state,"{""manifestId"": ""US-009"", ""readTarget"": ""social.tickets"", ""state"": ""error"", ""variant"": ""normal"", ""role"": ""ordinary"", ""readCalls"": [""social.tickets""], ""evidenceType"": ""SYNTHETIC_PRODUCTION_WIDGET"", ""deviceValidated"": false}",renders/finish123-complete-states/390x844-text1.0/US-009-history-social-tickets-error-normal-ordinary.png,False
US-009,US-009-history-social-tickets-loading-normal-ordinary,state,"{""manifestId"": ""US-009"", ""readTarget"": ""social.tickets"", ""state"": ""loading"", ""variant"": ""normal"", ""role"": ""ordinary"", ""readCalls"": [""social.tickets""], ""evidenceType"": ""SYNTHETIC_PRODUCTION_WIDGET"", ""deviceValidated"": false}",renders/finish123-complete-states/390x844-text1.0/US-009-history-social-tickets-loading-normal-ordinary.png,False
US-009,US-009-social-service-error-normal-ordinary,state,"{""manifestId"": ""US-009"", ""readTarget"": ""social.service"", ""state"": ""error"", ""variant"": ""normal"", ""role"": ""ordinary"", ""readCalls"": [""social.service""], ""evidenceType"": ""SYNTHETIC_PRODUCTION_WIDGET"", ""deviceValidated"": false}",renders/finish123-complete-states/390x844-text1.0/US-009-social-service-error-normal-ordinary.png,False
US-009,US-009-social-service-loading-normal-ordinary,state,"{""manifestId"": ""US-009"", ""readTarget"": ""social.service"", ""state"": ""loading"", ""variant"": ""normal"", ""role"": ""ordinary"", ""readCalls"": [""social.service""], ""evidenceType"": ""SYNTHETIC_PRODUCTION_WIDGET"", ""deviceValidated"": false}",renders/finish123-complete-states/390x844-text1.0/US-009-social-service-loading-normal-ordinary.png,False
US-010,US-010-social-ticket-error-normal-ordinary,state,"{""manifestId"": ""US-010"", ""readTarget"": ""social.ticket"", ""state"": ""error"", ""variant"": ""normal"", ""role"": ""ordinary"", ""readCalls"": [""social.ticket""], ""evidenceType"": ""SYNTHETIC_PRODUCTION_WIDGET"", ""deviceValidated"": false}",renders/finish123-complete-states/390x844-text1.0/US-010-social-ticket-error-normal-ordinary.png,False
US-010,US-010-social-ticket-loading-normal-ordinary,state,"{""manifestId"": ""US-010"", ""readTarget"": ""social.ticket"", ""state"": ""loading"", ""variant"": ""normal"", ""role"": ""ordinary"", ""readCalls"": [""social.ticket""], ""evidenceType"": ""SYNTHETIC_PRODUCTION_WIDGET"", ""deviceValidated"": false}",renders/finish123-complete-states/390x844-text1.0/US-010-social-ticket-loading-normal-ordinary.png,False
US-010,US-010-social-ticket-normal-ticket-closed-ordinary,state,"{""manifestId"": ""US-010"", ""readTarget"": ""social.ticket"", ""state"": ""normal"", ""variant"": ""ticket-closed"", ""role"": ""ordinary"", ""readCalls"": [""social.ticket""], ""evidenceType"": ""SYNTHETIC_PRODUCTION_WIDGET"", ""deviceValidated"": false}",renders/finish123-complete-states/390x844-text1.0/US-010-social-ticket-normal-ticket-closed-ordinary.png,False
US-010,US-010-social-ticket-normal-ticket-resolved-ordinary,state,"{""manifestId"": ""US-010"", ""readTarget"": ""social.ticket"", ""state"": ""normal"", ""variant"": ""ticket-resolved"", ""role"": ""ordinary"", ""readCalls"": [""social.ticket""], ""evidenceType"": ""SYNTHETIC_PRODUCTION_WIDGET"", ""deviceValidated"": false}",renders/finish123-complete-states/390x844-text1.0/US-010-social-ticket-normal-ticket-resolved-ordinary.png,False
US-010,US-010-social-ticket-normal-ticket-waitingUser-ordinary,state,"{""manifestId"": ""US-010"", ""readTarget"": ""social.ticket"", ""state"": ""normal"", ""variant"": ""ticket-waitingUser"", ""role"": ""ordinary"", ""readCalls"": [""social.ticket""], ""evidenceType"": ""SYNTHETIC_PRODUCTION_WIDGET"", ""deviceValidated"": false}",renders/finish123-complete-states/390x844-text1.0/US-010-social-ticket-normal-ticket-waitingUser-ordinary.png,False
CM-003,CM-003-extra-android,supplement,"{""manifestId"": ""CM-003"", ""state"": ""android"", ""evidenceType"": ""SYNTHETIC_PRODUCTION_WIDGET"", ""deviceValidated"": false}",renders/sealed123-final-supplement/390x844-text1.0/CM-003-extra-android.png,False
CM-003,CM-003-extra-ios,supplement,"{""manifestId"": ""CM-003"", ""state"": ""ios"", ""evidenceType"": ""SYNTHETIC_PRODUCTION_WIDGET"", ""deviceValidated"": false}",renders/sealed123-final-supplement/390x844-text1.0/CM-003-extra-ios.png,False
CM-003,CM-003-extra-unavailable,supplement,"{""manifestId"": ""CM-003"", ""state"": ""unavailable"", ""evidenceType"": ""SYNTHETIC_PRODUCTION_WIDGET"", ""deviceValidated"": false}",renders/sealed123-final-supplement/390x844-text1.0/CM-003-extra-unavailable.png,False
CM-006,CM-006-extra-error,supplement,"{""manifestId"": ""CM-006"", ""state"": ""error"", ""evidenceType"": ""SYNTHETIC_PRODUCTION_WIDGET"", ""deviceValidated"": false}",renders/sealed123-final-supplement/390x844-text1.0/CM-006-extra-error.png,False
CM-006,CM-006-extra-loading,supplement,"{""manifestId"": ""CM-006"", ""state"": ""loading"", ""evidenceType"": ""SYNTHETIC_PRODUCTION_WIDGET"", ""deviceValidated"": false}",renders/sealed123-final-supplement/390x844-text1.0/CM-006-extra-loading.png,False
CM-006,CM-006-extra-normal,supplement,"{""manifestId"": ""CM-006"", ""state"": ""normal"", ""evidenceType"": ""SYNTHETIC_PRODUCTION_WIDGET"", ""deviceValidated"": false}",renders/sealed123-final-supplement/390x844-text1.0/CM-006-extra-normal.png,False
RM-010,RM-010-extra-denied,supplement,"{""manifestId"": ""RM-010"", ""state"": ""denied"", ""evidenceType"": ""SYNTHETIC_PRODUCTION_WIDGET"", ""deviceValidated"": false}",renders/sealed123-final-supplement/390x844-text1.0/RM-010-extra-denied.png,False
RM-010,RM-010-extra-listener,supplement,"{""manifestId"": ""RM-010"", ""state"": ""listener"", ""evidenceType"": ""SYNTHETIC_PRODUCTION_WIDGET"", ""deviceValidated"": false}",renders/sealed123-final-supplement/390x844-text1.0/RM-010-extra-listener.png,False
RM-010,RM-010-extra-loading,supplement,"{""manifestId"": ""RM-010"", ""state"": ""loading"", ""evidenceType"": ""SYNTHETIC_PRODUCTION_WIDGET"", ""deviceValidated"": false}",renders/sealed123-final-supplement/390x844-text1.0/RM-010-extra-loading.png,False
RM-010,RM-010-extra-speaker,supplement,"{""manifestId"": ""RM-010"", ""state"": ""speaker"", ""evidenceType"": ""SYNTHETIC_PRODUCTION_WIDGET"", ""deviceValidated"": false}",renders/sealed123-final-supplement/390x844-text1.0/RM-010-extra-speaker.png,False
RM-010,RM-010-extra-unavailable,supplement,"{""manifestId"": ""RM-010"", ""state"": ""unavailable"", ""evidenceType"": ""SYNTHETIC_PRODUCTION_WIDGET"", ""deviceValidated"": false}",renders/sealed123-final-supplement/390x844-text1.0/RM-010-extra-unavailable.png,False
RM-011,RM-011-extra-degraded,supplement,"{""manifestId"": ""RM-011"", ""state"": ""degraded"", ""evidenceType"": ""SYNTHETIC_PRODUCTION_WIDGET"", ""deviceValidated"": false}",renders/sealed123-final-supplement/390x844-text1.0/RM-011-extra-degraded.png,False
RM-011,RM-011-extra-reconnecting,supplement,"{""manifestId"": ""RM-011"", ""state"": ""reconnecting"", ""evidenceType"": ""SYNTHETIC_PRODUCTION_WIDGET"", ""deviceValidated"": false}",renders/sealed123-final-supplement/390x844-text1.0/RM-011-extra-reconnecting.png,False
RM-011,RM-011-extra-snapshot,supplement,"{""manifestId"": ""RM-011"", ""state"": ""snapshot"", ""evidenceType"": ""SYNTHETIC_PRODUCTION_WIDGET"", ""deviceValidated"": false}",renders/sealed123-final-supplement/390x844-text1.0/RM-011-extra-snapshot.png,False
RM-013,RM-013-extra-empty,supplement,"{""manifestId"": ""RM-013"", ""state"": ""empty"", ""evidenceType"": ""SYNTHETIC_PRODUCTION_WIDGET"", ""deviceValidated"": false}",renders/sealed123-final-supplement/390x844-text1.0/RM-013-extra-empty.png,False
RM-013,RM-013-extra-error,supplement,"{""manifestId"": ""RM-013"", ""state"": ""error"", ""evidenceType"": ""SYNTHETIC_PRODUCTION_WIDGET"", ""deviceValidated"": false}",renders/sealed123-final-supplement/390x844-text1.0/RM-013-extra-error.png,False
RM-013,RM-013-extra-loading,supplement,"{""manifestId"": ""RM-013"", ""state"": ""loading"", ""evidenceType"": ""SYNTHETIC_PRODUCTION_WIDGET"", ""deviceValidated"": false}",renders/sealed123-final-supplement/390x844-text1.0/RM-013-extra-loading.png,False
RM-014,RM-014-extra-draw,supplement,"{""manifestId"": ""RM-014"", ""state"": ""draw"", ""evidenceType"": ""SYNTHETIC_PRODUCTION_WIDGET"", ""deviceValidated"": false}",renders/sealed123-final-supplement/390x844-text1.0/RM-014-extra-draw.png,False
RM-014,RM-014-extra-fighting,supplement,"{""manifestId"": ""RM-014"", ""state"": ""fighting"", ""evidenceType"": ""SYNTHETIC_PRODUCTION_WIDGET"", ""deviceValidated"": false}",renders/sealed123-final-supplement/390x844-text1.0/RM-014-extra-fighting.png,False
RM-014,RM-014-extra-lose,supplement,"{""manifestId"": ""RM-014"", ""state"": ""lose"", ""evidenceType"": ""SYNTHETIC_PRODUCTION_WIDGET"", ""deviceValidated"": false}",renders/sealed123-final-supplement/390x844-text1.0/RM-014-extra-lose.png,False
RM-014,RM-014-extra-settling,supplement,"{""manifestId"": ""RM-014"", ""state"": ""settling"", ""evidenceType"": ""SYNTHETIC_PRODUCTION_WIDGET"", ""deviceValidated"": false}",renders/sealed123-final-supplement/390x844-text1.0/RM-014-extra-settling.png,False
RM-014,RM-014-extra-win,supplement,"{""manifestId"": ""RM-014"", ""state"": ""win"", ""evidenceType"": ""SYNTHETIC_PRODUCTION_WIDGET"", ""deviceValidated"": false}",renders/sealed123-final-supplement/390x844-text1.0/RM-014-extra-win.png,False
AC-001,AC-001-recovery-busy,interaction,"{""manifestId"": ""AC-001"", ""surface"": ""recovery-busy"", ""fixture"": ""synthetic"", ""writesAllowed"": false}",renders/sealed123-final-interactions/390x844-text1.0/AC-001-recovery-busy.png,False
AC-001,AC-001-recovery-error,interaction,"{""manifestId"": ""AC-001"", ""surface"": ""recovery-error"", ""fixture"": ""synthetic"", ""writesAllowed"": false}",renders/sealed123-final-interactions/390x844-text1.0/AC-001-recovery-error.png,False
AC-001,AC-001-restore,interaction,"{""manifestId"": ""AC-001"", ""surface"": ""restore"", ""fixture"": ""synthetic"", ""writesAllowed"": false}",renders/sealed123-final-interactions/390x844-text1.0/AC-001-restore.png,False
AC-002,AC-002-agreement-sheet,interaction,"{""manifestId"": ""AC-002"", ""surface"": ""agreement-sheet"", ""fixture"": ""synthetic"", ""writesAllowed"": false}",renders/sealed123-final-interactions/390x844-text1.0/AC-002-agreement-sheet.png,False
AC-002,AC-002-consent-ready,interaction,"{""manifestId"": ""AC-002"", ""surface"": ""consent-ready"", ""fixture"": ""synthetic"", ""writesAllowed"": false}",renders/sealed123-final-interactions/390x844-text1.0/AC-002-consent-ready.png,False
AC-002,AC-002-privacy-sheet,interaction,"{""manifestId"": ""AC-002"", ""surface"": ""privacy-sheet"", ""fixture"": ""synthetic"", ""writesAllowed"": false}",renders/sealed123-final-interactions/390x844-text1.0/AC-002-privacy-sheet.png,False
AC-003,AC-003-login-validation,interaction,"{""manifestId"": ""AC-003"", ""surface"": ""login-validation"", ""fixture"": ""synthetic"", ""writesAllowed"": false}",renders/sealed123-final-interactions/390x844-text1.0/AC-003-login-validation.png,False
AC-003,AC-003-registration-validation,interaction,"{""manifestId"": ""AC-003"", ""surface"": ""registration-validation"", ""fixture"": ""synthetic"", ""writesAllowed"": false}",renders/sealed123-final-interactions/390x844-text1.0/AC-003-registration-validation.png,False
DS-006,DS-006-publish-validation,interaction,"{""manifestId"": ""DS-006"", ""surface"": ""publish-validation"", ""fixture"": ""synthetic"", ""writesAllowed"": false}",renders/sealed123-final-interactions/390x844-text1.0/DS-006-publish-validation.png,False
DS-007,DS-007-ranking-room,interaction,"{""manifestId"": ""DS-007"", ""surface"": ""ranking-room"", ""fixture"": ""synthetic"", ""writesAllowed"": false}",renders/sealed123-final-interactions/390x844-text1.0/DS-007-ranking-room.png,False
DS-007,DS-007-ranking-wealth,interaction,"{""manifestId"": ""DS-007"", ""surface"": ""ranking-wealth"", ""fixture"": ""synthetic"", ""writesAllowed"": false}",renders/sealed123-final-interactions/390x844-text1.0/DS-007-ranking-wealth.png,False
US-002,US-002-profile-validation,interaction,"{""manifestId"": ""US-002"", ""surface"": ""profile-validation"", ""fixture"": ""synthetic"", ""writesAllowed"": false}",renders/sealed123-final-interactions/390x844-text1.0/US-002-profile-validation.png,False
US-003,US-003-block-confirmation,interaction,"{""manifestId"": ""US-003"", ""surface"": ""block-confirmation"", ""fixture"": ""synthetic"", ""writesAllowed"": false}",renders/sealed123-final-interactions/390x844-text1.0/US-003-block-confirmation.png,False
US-008,US-008-report-validation,interaction,"{""manifestId"": ""US-008"", ""surface"": ""report-validation"", ""fixture"": ""synthetic"", ""writesAllowed"": false}",renders/sealed123-final-interactions/390x844-text1.0/US-008-report-validation.png,False
US-009,US-009-feedback-disabled,interaction,"{""manifestId"": ""US-009"", ""surface"": ""feedback-disabled"", ""fixture"": ""synthetic"", ""writesAllowed"": false}",renders/sealed123-final-interactions/390x844-text1.0/US-009-feedback-disabled.png,False
CM-001,CM-001-hub-anchor-normal,room_financial,"{""manifestId"": ""CM-001"", ""incomeRole"": ""anchor"", ""state"": ""normal"", ""writeOperationsAllowed"": false, ""realPayoutOrLedgerEvidence"": false}",renders/resume22-final-states/390x844-text1.0/CM-001-hub-anchor-normal.png,False
CM-001,CM-001-hub-guildChair-normal,room_financial,"{""manifestId"": ""CM-001"", ""incomeRole"": ""guildChair"", ""state"": ""normal"", ""writeOperationsAllowed"": false, ""realPayoutOrLedgerEvidence"": false}",renders/resume22-final-states/390x844-text1.0/CM-001-hub-guildChair-normal.png,False
CM-001,CM-001-hub-ordinary-normal,room_financial,"{""manifestId"": ""CM-001"", ""incomeRole"": ""ordinary"", ""state"": ""normal"", ""writeOperationsAllowed"": false, ""realPayoutOrLedgerEvidence"": false}",renders/resume22-final-states/390x844-text1.0/CM-001-hub-ordinary-normal.png,False
CM-011,CM-011-anchor-normal,room_financial,"{""manifestId"": ""CM-011"", ""incomeRole"": ""anchor"", ""state"": ""normal"", ""writeOperationsAllowed"": false, ""realPayoutOrLedgerEvidence"": false}",renders/resume22-final-states/390x844-text1.0/CM-011-anchor-normal.png,False
CM-011,CM-011-guildChair-normal,room_financial,"{""manifestId"": ""CM-011"", ""incomeRole"": ""guildChair"", ""state"": ""normal"", ""writeOperationsAllowed"": false, ""realPayoutOrLedgerEvidence"": false}",renders/resume22-final-states/390x844-text1.0/CM-011-guildChair-normal.png,False
CM-011,CM-011-ordinary-normal,room_financial,"{""manifestId"": ""CM-011"", ""incomeRole"": ""ordinary"", ""state"": ""normal"", ""writeOperationsAllowed"": false, ""realPayoutOrLedgerEvidence"": false}",renders/resume22-final-states/390x844-text1.0/CM-011-ordinary-normal.png,False
CM-012,CM-012-anchor-empty,room_financial,"{""manifestId"": ""CM-012"", ""incomeRole"": ""anchor"", ""state"": ""empty"", ""writeOperationsAllowed"": false, ""realPayoutOrLedgerEvidence"": false}",renders/resume22-final-states/390x844-text1.0/CM-012-anchor-empty.png,False
CM-012,CM-012-anchor-error,room_financial,"{""manifestId"": ""CM-012"", ""incomeRole"": ""anchor"", ""state"": ""error"", ""writeOperationsAllowed"": false, ""realPayoutOrLedgerEvidence"": false}",renders/resume22-final-states/390x844-text1.0/CM-012-anchor-error.png,False
CM-012,CM-012-anchor-loading,room_financial,"{""manifestId"": ""CM-012"", ""incomeRole"": ""anchor"", ""state"": ""loading"", ""writeOperationsAllowed"": false, ""realPayoutOrLedgerEvidence"": false}",renders/resume22-final-states/390x844-text1.0/CM-012-anchor-loading.png,False
CM-012,CM-012-anchor-noAccount,room_financial,"{""manifestId"": ""CM-012"", ""incomeRole"": ""anchor"", ""state"": ""noAccount"", ""writeOperationsAllowed"": false, ""realPayoutOrLedgerEvidence"": false}",renders/resume22-final-states/390x844-text1.0/CM-012-anchor-noAccount.png,False
CM-012,CM-012-anchor-normal,room_financial,"{""manifestId"": ""CM-012"", ""incomeRole"": ""anchor"", ""state"": ""normal"", ""writeOperationsAllowed"": false, ""realPayoutOrLedgerEvidence"": false}",renders/resume22-final-states/390x844-text1.0/CM-012-anchor-normal.png,False
CM-012,CM-012-anchor-unknown,room_financial,"{""manifestId"": ""CM-012"", ""incomeRole"": ""anchor"", ""state"": ""unknown"", ""writeOperationsAllowed"": false, ""realPayoutOrLedgerEvidence"": false}",renders/resume22-final-states/390x844-text1.0/CM-012-anchor-unknown.png,False
CM-012,CM-012-guildChair-normal,room_financial,"{""manifestId"": ""CM-012"", ""incomeRole"": ""guildChair"", ""state"": ""normal"", ""writeOperationsAllowed"": false, ""realPayoutOrLedgerEvidence"": false}",renders/resume22-final-states/390x844-text1.0/CM-012-guildChair-normal.png,False
CM-012,CM-012-guildChair-unknown,room_financial,"{""manifestId"": ""CM-012"", ""incomeRole"": ""guildChair"", ""state"": ""unknown"", ""writeOperationsAllowed"": false, ""realPayoutOrLedgerEvidence"": false}",renders/resume22-final-states/390x844-text1.0/CM-012-guildChair-unknown.png,False
CM-012,CM-012-ordinary-normal,room_financial,"{""manifestId"": ""CM-012"", ""incomeRole"": ""ordinary"", ""state"": ""normal"", ""writeOperationsAllowed"": false, ""realPayoutOrLedgerEvidence"": false}",renders/resume22-final-states/390x844-text1.0/CM-012-ordinary-normal.png,False
CM-012,CM-012-ordinary-unknown,room_financial,"{""manifestId"": ""CM-012"", ""incomeRole"": ""ordinary"", ""state"": ""unknown"", ""writeOperationsAllowed"": false, ""realPayoutOrLedgerEvidence"": false}",renders/resume22-final-states/390x844-text1.0/CM-012-ordinary-unknown.png,False
CM-012,CM-012-payout-alipay-anchor-normal,room_financial,"{""manifestId"": ""CM-012"", ""incomeRole"": ""anchor"", ""state"": ""normal"", ""writeOperationsAllowed"": false, ""realPayoutOrLedgerEvidence"": false}",renders/resume22-final-states/390x844-text1.0/CM-012-payout-alipay-anchor-normal.png,False
CM-012,CM-012-payout-bank-anchor-normal,room_financial,"{""manifestId"": ""CM-012"", ""incomeRole"": ""anchor"", ""state"": ""normal"", ""writeOperationsAllowed"": false, ""realPayoutOrLedgerEvidence"": false}",renders/resume22-final-states/390x844-text1.0/CM-012-payout-bank-anchor-normal.png,False
RM-004,RM-004-listener-interactions,room_financial,"{""manifestId"": ""RM-004"", ""roomRole"": ""listener"", ""state"": ""normal"", ""surface"": ""interactions"", ""actualPanelOpened"": true}",renders/resume22-final-states/390x844-text1.0/RM-004-listener-interactions.png,False
RM-004,RM-004-listener-tools,room_financial,"{""manifestId"": ""RM-004"", ""roomRole"": ""listener"", ""state"": ""normal"", ""surface"": ""tools"", ""actualPanelOpened"": true}",renders/resume22-final-states/390x844-text1.0/RM-004-listener-tools.png,False
RM-004,RM-004-moderator-interactions,room_financial,"{""manifestId"": ""RM-004"", ""roomRole"": ""moderator"", ""state"": ""normal"", ""surface"": ""interactions"", ""actualPanelOpened"": true}",renders/resume22-final-states/390x844-text1.0/RM-004-moderator-interactions.png,False
RM-004,RM-004-moderator-tools,room_financial,"{""manifestId"": ""RM-004"", ""roomRole"": ""moderator"", ""state"": ""normal"", ""surface"": ""tools"", ""actualPanelOpened"": true}",renders/resume22-final-states/390x844-text1.0/RM-004-moderator-tools.png,False
RM-004,RM-004-owner-interactions,room_financial,"{""manifestId"": ""RM-004"", ""roomRole"": ""owner"", ""state"": ""normal"", ""surface"": ""interactions"", ""actualPanelOpened"": true}",renders/resume22-final-states/390x844-text1.0/RM-004-owner-interactions.png,False
RM-004,RM-004-owner-tools,room_financial,"{""manifestId"": ""RM-004"", ""roomRole"": ""owner"", ""state"": ""normal"", ""surface"": ""tools"", ""actualPanelOpened"": true}",renders/resume22-final-states/390x844-text1.0/RM-004-owner-tools.png,False
RM-004,RM-004-platformModerator-interactions,room_financial,"{""manifestId"": ""RM-004"", ""roomRole"": ""platformModerator"", ""state"": ""normal"", ""surface"": ""interactions"", ""actualPanelOpened"": true}",renders/resume22-final-states/390x844-text1.0/RM-004-platformModerator-interactions.png,False
RM-004,RM-004-platformModerator-tools,room_financial,"{""manifestId"": ""RM-004"", ""roomRole"": ""platformModerator"", ""state"": ""normal"", ""surface"": ""tools"", ""actualPanelOpened"": true}",renders/resume22-final-states/390x844-text1.0/RM-004-platformModerator-tools.png,False
RM-005,RM-005-listener-approved,room_financial,"{""manifestId"": ""RM-005"", ""roomRole"": ""listener"", ""state"": ""approved"", ""surface"": ""mic"", ""actualPanelOpened"": true}",renders/resume22-final-states/390x844-text1.0/RM-005-listener-approved.png,False
RM-005,RM-005-listener-available,room_financial,"{""manifestId"": ""RM-005"", ""roomRole"": ""listener"", ""state"": ""normal"", ""surface"": ""mic"", ""actualPanelOpened"": true}",renders/resume22-final-states/390x844-text1.0/RM-005-listener-available.png,False
RM-005,RM-005-listener-pending,room_financial,"{""manifestId"": ""RM-005"", ""roomRole"": ""listener"", ""state"": ""pending"", ""surface"": ""mic"", ""actualPanelOpened"": true}",renders/resume22-final-states/390x844-text1.0/RM-005-listener-pending.png,False
RM-005,RM-005-listener-rejected,room_financial,"{""manifestId"": ""RM-005"", ""roomRole"": ""listener"", ""state"": ""rejected"", ""surface"": ""mic"", ""actualPanelOpened"": true}",renders/resume22-final-states/390x844-text1.0/RM-005-listener-rejected.png,False
RM-005,RM-005-moderator-direct,room_financial,"{""manifestId"": ""RM-005"", ""roomRole"": ""moderator"", ""state"": ""normal"", ""surface"": ""mic"", ""actualPanelOpened"": true}",renders/resume22-final-states/390x844-text1.0/RM-005-moderator-direct.png,False
RM-005,RM-005-owner-direct,room_financial,"{""manifestId"": ""RM-005"", ""roomRole"": ""owner"", ""state"": ""normal"", ""surface"": ""mic"", ""actualPanelOpened"": true}",renders/resume22-final-states/390x844-text1.0/RM-005-owner-direct.png,False
